id;cp;localidad;idProvincia
1;1761;20 De Junio;1
2;6660;25 De Mayo;1
3;6405;30 De Agosto;1
4;1776;9 De Abril;1
5;6500;9 De Julio Estafeta Nº2;1
6;6500;9 De Julio (Partido Nueve De Julio);1
7;1903;Abasto;1
8;7228;Abbott;1
9;6450;Abel;1
10;8170;Abra De Hinojo;1
11;1640;Acassuso;1
12;7003;Aceilan;1
13;2717;Acevedo;1
14;6627;Achupallas;1
15;7136;Adela;1
16;8000;Adela Corti;1
17;6430;Adolfo Alsina;1
18;1901;Adolfo F. Orma (Apeadero F.G.B.);1
19;7513;Adolfo Gonzalez Chaves;1
20;1612;Adolfo Sourdeaux;1
21;1846;Adrogue;1
22;1722;Aerodromo Albatros;1
23;1802;Aeropuerto Ezeiza;1
24;6608;Agote;1
25;1746;Agua De Oro;1
26;8105;Aguara;1
27;2701;Aguas Corrientes;1
28;2915;Aguirrezabala;1
29;1723;Agustin Ferrari;1
30;6667;Agustin Mosconi;1
31;6001;Agustin Roca;1
32;6001;Agustina;1
33;6463;Alagon;1
34;6437;Alamos;1
35;6703;Alastuey (Apeadero F.C.G.U.);1
36;6405;Albariño;1
37;6034;Alberdi;1
38;6634;Alberti;1
39;8101;Aldea Romana;1
40;8126;Aldea San Andres;1
41;7406;Aldecon;1
42;1770;Aldo Bonzi;1
43;1987;Alegre;1
44;1864;Alejandro Korn;1
45;1808;Alejandro Petion (Apeadero Fcgr);1
46;6437;Alfa;1
47;6555;Alfalad;1
48;8117;Alferez San Martin;1
49;6533;Alfredo Demarchi;1
50;6531;Algarrobo (Colonia Mauricio, Pdo. C. Casares);1
51;2935;Algarrobo (Ing. Moneta, Pdo. San Pedro);1
52;8136;Algarrobo (Pdo.Villarino);1
53;1676;Alianza Almacenes;1
54;1676;Alianza Talleres;1
55;2751;Almacen Castro;1
56;2752;Almacen Del Descanso;1
57;2751;Almacen El Cruce;1
58;2740;Almacen La Colonia;1
59;2711;Almacen Piatti;1
60;1676;Almacenes Ffcc.Gral.San Martin;1
61;1846;Almirante Brown;1
62;1629;Almirante Irizar;1
63;8109;Almirante Solier;1
64;2938;Alsina;1
65;8181;Alta Vista;1
66;6601;Altamira;1
67;1986;Altamirano;1
68;1617;Alto Del Talar;1
69;2801;Alto Verde;1
70;7303;Altona;1
71;1806;Altos De Tristan Suarez;1
72;7267;Alvarez De Toledo;1
73;1921;Alvarez Jonte;1
74;7403;Alvaro Barros;1
75;7021;Alzaga;1
76;6516;Amalia;1
77;8508;Ambrosio P. Lezica;1
78;6064;Ameghino;1
79;6237;America;1
80;6607;Anasagasti;1
81;6451;Ancon;1
82;6555;Andant;1
83;6621;Anderson;1
84;6634;Andres Vaccarezza;1
85;7011;Aneque Grande;1
86;1901;Angel Etcheverry;1
87;7243;Antonio Carboni;1
88;7305;Antonio De Los Heros;1
89;8158;Aparicio;1
90;1909;Arana;1
91;6443;Arano;1
92;6643;Araujo;1
93;6557;Arboledas;1
94;1915;Arbuco (Desvio Fcgr);1
95;6005;Arenales;1
96;6075;Arenaza;1
97;8134;Argerich;1
98;8164;Arguedas (Desvio);1
99;7163;Arias;1
100;7301;Ariel;1
101;1602;Aristobulo Del Valle;1
102;2740;Arrecifes;1
103;6007;Arribeños;1
104;1649;Arroyo Abra Vieja;1
105;1649;Arroyo Aguaje Del Durazno;1
106;8174;Arroyo Aguas Blancas;1
107;2800;Arroyo Aguila Negra;1
108;1649;Arroyo Albarracin;1
109;2805;Arroyo Aleli;1
110;1649;Arroyo Amantes;1
111;1649;Arroyo Amarillo;1
112;1649;Arroyo Amarillo Palmas;1
113;1649;Arroyo Andresito;1
114;1649;Arroyo Angelito;1
115;1649;Arroyo Angostura;1
116;1649;Arroyo Anguilas;1
117;1649;Arroyo Animas;1
118;1649;Arroyo Animitas;1
119;1649;Arroyo Antequera;1
120;1649;Arroyo Antequerita;1
121;1649;Arroyo Arroyon;1
122;1649;Arroyo Arroyon De Felicaria;1
123;1649;Arroyo Baldosas;1
124;1649;Arroyo Baltico;1
125;1649;Arroyo Banco;1
126;1649;Arroyo Barca Grande;1
127;1649;Arroyo Boca Falsa;1
128;1649;Arroyo Borasso;1
129;1649;Arroyo Borches;1
130;2800;Arroyo Botija Falsa;1
131;1649;Arroyo Buena Vista;1
132;2935;Arroyo Burgos;1
133;1649;Arroyo Busto;1
134;1649;Arroyo Caguane;1
135;1649;Arroyo Camachito;1
136;1649;Arroyo Camacho;1
137;1649;Arroyo Canaleton;1
138;1649;Arroyo Cancha Larga;1
139;1625;Arroyo Canelon;1
140;1649;Arroyo Canelones;1
141;1649;Arroyo Capitan Chico;1
142;1649;Arroyo Capitancito;1
143;1649;Arroyo Caraballo;1
144;1649;Arroyo Carabelas;1
145;1649;Arroyo Carabelitas;1
146;1649;Arroyo Caracoles;1
147;1649;Arroyo Caraguata;1
148;1649;Arroyo Carancho;1
149;1649;Arroyo Carapuati;1
150;1649;Arroyo Carlos M. Noel;1
151;1649;Arroyo Carnicero;1
152;1649;Arroyo Carpincho (Pdo. San Fernando);1
153;1649;Arroyo Ciego;1
154;1649;Arroyo Ciego Del Estudiante;1
155;1649;Arroyo Cieguito;1
156;1649;Arroyo Ciervo;1
157;1649;Arroyo Concepcion;1
158;1649;Arroyo Confiterito Palmas;1
159;1649;Arroyo Confitero;1
160;1649;Arroyo Correa;1
161;1649;Arroyo Correntino;1
162;1649;Arroyo Correntoso (Barca Grande);1
163;8172;Arroyo Corto (Pdo. Saavedra);1
164;1649;Arroyo Corto (Tigre - Pdo. Campana);1
165;1649;Arroyo Cruces;1
166;1649;Arroyo Cruz Colorada;1
167;1649;Arroyo Cruz Del Cambado;1
168;1649;Arroyo Cruz Del Sauce;1
169;1649;Arroyo Cuarenta;1
170;1649;Arroyo Cuevas Malas;1
171;1649;Arroyo Curubica;1
172;1649;Arroyo Chana;1
173;1649;Arroyo Chanacillo;1
174;1649;Arroyo Chanacito;1
175;1649;Arroyo Chileno;1
176;1649;Arroyo Chiquerito;1
177;1649;Arroyo Chiquero;1
178;1649;Arroyo Chivico;1
179;1649;Arroyo Churrasco;1
180;2813;Arroyo De La Cruz;1
181;2805;Arroyo De Las Cruces;1
182;1649;Arroyo De Las Gaviotas;1
183;7301;Arroyo De Los Huesos;1
184;1649;Arroyo De Los Nogales;1
185;1649;Arroyo De Los Tigres;1
186;2752;Arroyo De Luna;1
187;1649;Arroyo Del Canal;1
188;2113;Arroyo Del Medio;1
189;1923;Arroyo Del Pescado;1
190;1649;Arroyo Del Pobre;1
191;1649;Arroyo Dentudo;1
192;1649;Arroyo Desaguadero De Borches;1
193;1649;Arroyo Desaguadero Del Sauce;1
194;1649;Arroyo Desengaño;1
195;1649;Arroyo Diablo;1
196;1649;Arroyo Dominguito;1
197;1649;Arroyo Dorado;1
198;1649;Arroyo Dos Puntas;1
199;2743;Arroyo Dulce;1
200;1649;Arroyo Duraznito;1
201;1649;Arroyo Durazno;1
202;1649;Arroyo Eduardo;1
203;2805;Arroyo El Ahogado;1
204;1649;Arroyo El Cazador;1
205;6437;Arroyo El Chingolo;1
206;1649;Arroyo El Negro;1
207;1649;Arroyo El Plata;1
208;1649;Arroyo El Rodeo;1
209;1647;Arroyo El Toro;1
210;1649;Arroyo Espadaña;1
211;1649;Arroyo Espera;1
212;1649;Arroyo Espera Grande;1
213;1649;Arroyo Esperita;1
214;1649;Arroyo Estudiante;1
215;1649;Arroyo Estudiante Chico;1
216;1649;Arroyo Felicaria;1
217;1649;Arroyo Felipe;1
218;1649;Arroyo Felix;1
219;1649;Arroyo Fermin;1
220;1649;Arroyo Fontana;1
221;1649;Arroyo Francisco;1
222;1649;Arroyo Fredes;1
223;1649;Arroyo Fulminante;1
224;1649;Arroyo Galpon;1
225;1649;Arroyo Gallito;1
226;1649;Arroyo Gallo Fiambre;1
227;1649;Arroyo Gambado;1
228;1649;Arroyo Gaviotas;1
229;1649;Arroyo Gelvez;1
230;1649;Arroyo Glorieta;1
231;7174;Arroyo Grande (Cnel. Vidal, Pdo. Mar Chiquita);1
232;1649;Arroyo Grande (Tigre - Pdo. San Fernando);1
233;1649;Arroyo Guaycara;1
234;1649;Arroyo Guazu Nambi;1
235;1649;Arroyo Guazucito;1
236;1649;Arroyo Gutierrez;1
237;1649;Arroyo Hermana Grande;1
238;1649;Arroyo Hermana Primera;1
239;1649;Arroyo Hermana Segunda;1
240;1649;Arroyo Idahone;1
241;1649;Arroyo Inca;1
242;1649;Arroyo La Barquita;1
243;1649;Arroyo La Casilla;1
244;1649;Arroyo La Castilla;1
245;1649;Arroyo La Glorieta;1
246;1649;Arroyo La Horca;1
247;1649;Arroyo La Linda;1
248;1923;Arroyo La Maza;1
249;1649;Arroyo La Negra;1
250;1649;Arroyo La Raya;1
251;1649;Arroyo Laguna;1
252;1649;Arroyo Laguna Grande;1
253;1649;Arroyo Largo;1
254;1649;Arroyo Las Baldosas;1
255;1649;Arroyo Las Bogas;1
256;1649;Arroyo Las Cañas;1
257;1649;Arroyo Las Casas;1
258;2805;Arroyo Las Cruces;1
259;1649;Arroyo Las Naciones;1
260;1649;Arroyo Las Piedras;1
261;2805;Arroyo Las Rosas (Campana - Pdo. Campana);1
262;1625;Arroyo Las Rosas (Escobar - Pdo. Escobar);1
263;1649;Arroyo Las Rosas (Tigre - Pdo. Tigre);1
264;1649;Arroyo Las Viboras;1
265;1649;Arroyo Las Viudas;1
266;1649;Arroyo Lazaro;1
267;1649;Arroyo Leiva;1
268;1649;Arroyo Lima;1
269;1649;Arroyo Los Grillos;1
270;1649;Arroyo Los Lobos (Pdo.San Fernando);1
271;1649;Arroyo Los Negros;1
272;2805;Arroyo Los Tigres;1
273;1649;Arroyo Machado;1
274;1649;Arroyo Malo;1
275;1649;Arroyo Malvinas;1
276;1649;Arroyo Manzano De La Barca;1
277;1649;Arroyo Manzano De Medina;1
278;1649;Arroyo Martinez (Tigre - Pdo. Tigre);1
279;1649;Arroyo Medina;1
280;1649;Arroyo Melindre;1
281;1649;Arroyo Mendez Chico;1
282;1649;Arroyo Mendez Grande;1
283;1649;Arroyo Moran;1
284;1649;Arroyo Morancito;1
285;1649;Arroyo Moras;1
286;1649;Arroyo Naciones;1
287;2800;Arroyo Ñacurutu;1
288;2805;Arroyo Ñacurutu Chico;1
289;1649;Arroyo Naranjito;1
290;1649;Arroyo Naranjo;1
291;1649;Arroyo Naranjo Borches;1
292;1649;Arroyo Negro (Tigre - Pdo. Campana);1
293;2800;Arroyo Negro (Zarate - Pdo. Zarate);1
294;1649;Arroyo Nogal;1
295;1649;Arroyo Nueve De Julio;1
296;1649;Arroyo Paciencia;1
297;1649;Arroyo Pacifico (Capitan);1
298;1649;Arroyo Pacifico (De La Serna);1
299;1649;Arroyo Pacu;1
300;1649;Arroyo Pajal;1
301;1649;Arroyo Pajarito;1
302;1649;Arroyo Pantanosito;1
303;1649;Arroyo Pantanoso;1
304;1649;Arroyo Paraguay;1
305;8111;Arroyo Pareja;1
306;1649;Arroyo Pati;1
307;1649;Arroyo Paycarabi;1
308;1649;Arroyo Paycarabicito;1
309;2805;Arroyo Pesqueria;1
310;1649;Arroyo Pineral;1
311;1649;Arroyo Polvora;1
312;1649;Arroyo Porfiado;1
313;1649;Arroyo Primera Hermana;1
314;1649;Arroyo Rama Negra;1
315;1649;Arroyo Ramallo;1
316;1649;Arroyo Raya;1
317;1649;Arroyo Remancito (Mendez Grande);1
318;1649;Arroyo Remancito (Carabelas);1
319;1649;Arroyo Reyes;1
320;1649;Arroyo Rico;1
321;1649;Arroyo Rinconada;1
322;1649;Arroyo Rodeo;1
323;1649;Arroyo Romancito;1
324;1649;Arroyo Romero;1
325;1649;Arroyo Sabalos;1
326;1649;Arroyo San Salvador;1
327;1649;Arroyo Santa Rosa;1
328;1649;Arroyo Santo Domingo;1
329;1647;Arroyo Sarandi (San Fernando - Pdo. San Fernando);1
330;1649;Arroyo Sarandi (Tigre - Pdo. Tigre);1
331;1649;Arroyo Sauce Lloron;1
332;1649;Arroyo Segunda Hermana;1
333;1649;Arroyo Surubi;1
334;2805;Arroyo Tajiber;1
335;1649;Arroyo Tarariras;1
336;1649;Arroyo Tela;1
337;1649;Arroyo Tiber;1
338;1649;Arroyo Tiburon;1
339;1647;Arroyo Toledito;1
340;1649;Arroyo Toledo (Palmas);1
341;1649;Arroyo Toledo (Parana Mini);1
342;1649;Arroyo Torito;1
343;1649;Arroyo Toro;1
344;1649;Arroyo Tres Sargentos;1
345;1649;Arroyo Tuyupare;1
346;1649;Arroyo Veinticinco De Noviembre;1
347;6437;Arroyo Venado;1
348;1649;Arroyo Veron;1
349;1649;Arroyo Vico;1
350;2805;Arroyo Zanjon;1
351;1895;Arturo Segui;1
352;6433;Arturo Vatteone;1
353;6640;Asamblea;1
354;6003;Ascension;1
355;6469;Asturias;1
356;6471;Atahualpa;1
357;1913;Atalaya;1
358;7116;Atilio Pessagno;1
359;2808;Atucha;1
360;7165;Autocamping El Pinar;1
361;7105;Autocamping San Clemente;1
362;1870;Avellaneda;1
363;8133;Avestruz;1
364;7150;Ayacucho;1
365;6721;Azcuenaga;1
366;8181;Azopardo;1
367;7005;Azucena;1
368;7300;Azul;1
369;1825;A. A. Fernandez;1
370;6516;Bacacay;1
371;6403;Badano;1
372;1808;Badiola;1
373;8000;Bahia Blanca;1
374;8000;Bahia Blanca Noroeste;1
375;8506;Bahia San Blas;1
376;6013;Baigorrita;1
377;8115;Bajo Hondo;1
378;7620;Balcarce;1
379;7113;Balneario Aguas Verdes;1
380;1744;Balneario Cascallares;1
381;7505;Balneario Claromeco;1
382;7609;Balneario Mar Chiquita;1
383;8153;Balneario Monte Hermoso;1
384;7511;Balneario Oceano;1
385;7167;Balneario Ostende;1
386;1802;Balneario Popular;1
387;1931;Balneario Punta Lara;1
388;7511;Balneario Reta;1
389;8153;Balneario Sauce Grande;1
390;8109;Balneario (Parada);1
391;6070;Balsa;1
392;7305;Bañado De Las Flores;1
393;1617;Bancalari;1
394;6244;Banderalo;1
395;1828;Banfield;1
396;2942;Baradero;1
397;7005;Barker;1
398;7247;Barrientos;1
399;2700;Barrio 25 De Mayo;1
400;1888;Barrio 9 De Julio (Florencio Varela, Pdo. F. Varela);1
401;1665;Barrio 9 De Julio (Jose C. Paz, Pdo. Gral. Sarmiento);1
402;7600;Barrio 9 De Julio (Mar Del Plata, Pdo. Gral. Pueyrredon);1
403;2900;Barrio 9 De Julio (San Nicolas, Pdo. San Nicolas);1
404;2700;Barrio Acevedo;1
405;1714;Barrio Aeronautico (Ituzaingo, Pdo. Moron);1
406;1665;Barrio Aeronautico (Jose C. Paz, Pdo. Gral. Sarmiento);1
407;1759;Barrio Alberdi (Gonzalez Catan, Estafeta No. 1, La Matanza);1
408;1665;Barrio Alberdi (Jose C. Paz, Pdo. Gral. Sarmiento);1
409;7600;Barrio Alfar;1
410;8000;Barrio Almafuerte (Bahia Blanca, Pdo. Bahia Blanca);1
411;1856;Barrio Almafuerte (Glew, Pdo. Alte. Brown);1
412;1766;Barrio Almafuerte (Tablada, Pdo. La Matanza);1
413;1617;Barrio Almte. Brown;1
414;1836;Barrio Alto Verde (Llavallol, Pdo. De Lomas De Zamora);1
415;2900;Barrio Alto Verde (San Nicolas, Pdo. San Nicolas);1
416;1665;Barrio Altos De Jose C.Paz;1
417;1757;Barrio Altos De Laferrere;1
418;1806;Barrio Altos De Tristan Suarez;1
419;1665;Barrio Antartida Argentina;1
420;1763;Barrio Apolo;1
421;1607;Barrio Arca;1
422;1742;Barrio Arco Iris;1
423;1665;Barrio Argital;1
424;1852;Barrio Arzeno;1
425;1847;Barrio Asuncion;1
426;8000;Barrio Avellaneda;1
427;1708;Barrio Aviacion;1
428;1804;Barrio A.T.E.;1
429;1611;Barrio Baires;1
430;7630;Barrio Banco Provincia;1
431;1663;Barrio Barilari;1
432;7601;Barrio Batan;1
433;1619;Barrio Beliera;1
434;1642;Barrio Boating Club;1
435;7600;Barrio Bosque Alegre;1
436;1759;Barrio Calderon De La Barca;1
437;2900;Barrio Carcel;1
438;6000;Barrio Carosio;1
439;7600;Barrio Caisamar;1
440;1744;Barrio Cascallares;1
441;7300;Barrio Ceferino Namuncura;1
442;1884;Barrio Centenario;1
443;2741;Barrio Central;1
444;7630;Barrio Centro;1
445;1888;Barrio Cinco Esquinas;1
446;8109;Barrio Ciudad Atlantida;1
447;2930;Barrio Cobos;1
448;7600;Barrio Colinas De Peralta Ramos;1
449;1763;Barrio Colonia San Lorenzo;1
450;7600;Barrio Constitucion;1
451;1888;Barrio Cortez;1
452;1663;Barrio Cortijo Nuevo;1
453;1667;Barrio Chelito;1
454;1657;Barrio Churruca;1
455;6600;Barrio De La Carcel;1
456;1708;Barrio De La Merced;1
457;7600;Barrio De Las Avenidas;1
458;1659;Barrio De Suboficiales Sargento Cabral (Apeadero F.C.G.U.);1
459;1806;Barrio Del Plata;1
460;2900;Barrio Destileria;1
461;1615;Barrio Devoto;1
462;1611;Barrio Doctor Ricardo Gutierrez;1
463;2914;Barrio Don Antonio;1
464;7600;Barrio Don Bosco;1
465;1854;Barrio Don Luis;1
466;1852;Barrio Doña Sol;1
467;1881;Barrio Draimar;1
468;1881;Barrio Dreymar Ii;1
469;1765;Barrio San Miguel;1
470;1889;Barrio El 36;1
471;1765;Barrio El Atalaya;1
472;1617;Barrio El Boyero;1
473;8109;Barrio El Castillo;1
474;1663;Barrio El Cortijo;1
475;1900;Barrio El Cruce;1
476;1686;Barrio El Destino;1
477;1759;Barrio El Dorado (Gonzalez Catan, Pdo. La Matanza);1
478;1879;Barrio El Dorado (Quilmes Oeste, Pdo. Quilmes);1
479;1617;Barrio El Embrujo;1
480;1663;Barrio El Faro;1
481;1852;Barrio El Gaucho (Burzaco, Pdo. Alte. Brown);1
482;7600;Barrio El Gaucho (Mar Del Plata, Pdo. Gral. Pueyrredon);1
483;1852;Barrio El Hornero;1
484;7130;Barrio El Hueco;1
485;1613;Barrio El Jaguel;1
486;1613;Barrio El Lucero;1
487;1765;Barrio El Manzanar;1
488;1759;Barrio El Mojon;1
489;1613;Barrio El Ombu (Los Polvorines, Pdo. Gral. Sarmiento);1
490;1761;Barrio El Ombu (Pontevedra, Pdo. Merlo);1
491;1884;Barrio El Once;1
492;1891;Barrio El Parque;1
493;1849;Barrio El Patronato;1
494;1617;Barrio El Perejil;1
495;1722;Barrio El Pericon;1
496;1915;Barrio El Porteño;1
497;1746;Barrio El Porvenir;1
498;1882;Barrio El Refugio;1
499;2741;Barrio El Retiro;1
500;1761;Barrio El Sol (Pontevedra, Pdo. Merlo;1
501;1763;Barrio El Sol (Puente Ezcurra, Pdo. La Matanza);1
502;1849;Barrio El Trebol;1
503;1617;Barrio El Zorzal;1
504;7600;Barrio Emir Ramon Juarez;1
505;1617;Barrio Enrique Delfino;1
506;1763;Barrio Esperanza;1
507;7100;Barrio Estacion Dolores;1
508;7631;Barrio Estacion Quequen;1
509;1802;Barrio Esteban Echeverria;1
510;7600;Barrio Faro Norte;1
511;1617;Barrio Ferrini;1
512;1882;Barrio Ferroviario;1
513;6620;Barrio Florencio Varela;1
514;7600;Barrio Florentino Ameghino;1
515;1665;Barrio Frino;1
516;1623;Barrio Garin Norte;1
517;7600;Barrio Gastronomico;1
518;1884;Barrio General Belgrano (Berazategui, Pdo. Berazategui);1
519;1888;Barrio General Belgrano (Florencio Varela, Pdo. F. Varela);1
520;1854;Barrio General Belgrano (Longchamps, Pdo. Alte. Brown);1
521;1746;Barrio General Guemes;1
522;2700;Barrio General Manuel Belgrano;1
523;2901;Barrio General Manuel Savio;1
524;1642;Barrio General Pueyrredon;1
525;7600;Barrio General Roca;1
526;6000;Barrio General San Martin;1
527;1772;Barrio General Jose M. Paz;1
528;1856;Barrio Gorriti;1
529;1842;Barrio Grande;1
530;1847;Barrio Guadalupe (Rafael Calzada, Pdo. Alte. Brown);1
531;1881;Barrio Guadalupe (San Francisco Solano, Pdo. Quilmes);1
532;1900;Barrio Hipodromo;1
533;1878;Barrio Hornos;1
534;1763;Barrio Ignacio Arieta;1
535;1759;Barrio Independencia;1
536;6400;Barrio Indio Trompa;1
537;1615;Barrio Iparraguirre;1
538;1665;Barrio Irigoin;1
539;1884;Barrio Jacaranda;1
540;1900;Barrio Jardin (La Plata, Pdo. La Plata);1
541;7400;Barrio Jardin (Olavarria, Pdo. Olavarria);1
542;1744;Barrio Jardines De Moreno;1
543;1686;Barrio Jhonson;1
544;1661;Barrio Jorge Newbery (Bella Vista, Pdo. Gral. Sarmiento);1
545;1757;Barrio Jorge Newbery (Laferrere, Pdo. La Matanza);1
546;1744;Barrio Jose A. Cortejarena;1
547;2700;Barrio Jose Hernandez;1
548;1778;Barrio Jose Ingenieros;1
549;7600;Barrio Jose Manuel Estrada;1
550;7600;Barrio Juan Gregorio De Las Heras;1
551;6500;Barrio Julio De Vedia;1
552;7600;Barrio Juramento;1
553;1619;Barrio Kilometro 48;1
554;8000;Barrio Kilometro 5;1
555;1708;Barrio La Cabaña;1
556;1852;Barrio La Carlota;1
557;1891;Barrio La Carolina;1
558;1852;Barrio La Cumbre (Burzaco, Pdo. Alte. Brown);1
559;1900;Barrio La Cumbre (La Plata, Pdo. La Plata);1
560;1980;Barrio La Dolly;1
561;1763;Barrio La Elvira;1
562;1759;Barrio La Encarnacion;1
563;1888;Barrio La Esmeralda;1
564;1663;Barrio La Estrella;1
565;8000;Barrio La Falda;1
566;1763;Barrio La Foresta;1
567;1765;Barrio La Fragata;1
568;1847;Barrio La Gloria;1
569;1667;Barrio La Granja;1
570;1849;Barrio La Jovita;1
571;1759;Barrio La Justina;1
572;1884;Barrio La Loma;1
573;7400;Barrio La Luisa;1
574;1763;Barrio La Mercedes;1
575;1842;Barrio La Morita;1
576;1664;Barrio La Nueva Estrella;1
577;1894;Barrio La Perla;1
578;1744;Barrio La Porteña (Moreno, Pdo. Moreno);1
579;1806;Barrio La Porteña (Tristan Suarez, Pdo. Esteban Echeverria);1
580;1746;Barrio La Providencia (Francisco Alvarez, Pdo. Moreno);1
581;1665;Barrio La Providencia (Jose C. Paz, Pdo. Gral. Sarmiento);1
582;1763;Barrio La Recoleta;1
583;1742;Barrio La Reconquista;1
584;1856;Barrio La Reforma;1
585;1746;Barrio La Reja Grande;1
586;1888;Barrio La Sirena;1
587;1846;Barrio La Tablada;1
588;1761;Barrio La Teja;1
589;1746;Barrio La Tradicion;1
590;1765;Barrio La Union;1
591;1744;Barrio La Victoria;1
592;1842;Barrio Landa;1
593;2804;Barrio Las Acacias (Campana, Pdo. Campana);1
594;1665;Barrio Las Acacias (Jose C. Paz, Pdo.Gral. Sarmiento);1
595;1772;Barrio Las Achiras;1
596;2930;Barrio Las Canaletas;1
597;1665;Barrio Las Heras;1
598;1890;Barrio Las Hermanas;1
599;2900;Barrio Las Lomas;1
600;1849;Barrio Las Malvinas;1
601;1980;Barrio Las Mandarinas;1
602;1889;Barrio Las Margaritas (El Rocio, Pdo. Florencio Varela);1
603;1879;Barrio Las Margaritas (Quilmes Oeste, Pdo. Quilmes);1
604;1838;Barrio Las Moreras;1
605;1759;Barrio Las Nieves;1
606;1744;Barrio Las Rosas;1
607;1849;Barrio Las Tunas;1
608;1763;Barrio Leloir De Quiroga;1
609;1655;Barrio Libertador;1
610;1838;Barrio Lindo;1
611;8000;Barrio Loma Paraguaya;1
612;1846;Barrio Loma Verde;1
613;1854;Barrio Los Alamos;1
614;7600;Barrio Los Andes;1
615;1619;Barrio Los Cachorros;1
616;1765;Barrio Los Cedros;1
617;1744;Barrio Los Cuatro Vientos;1
618;1746;Barrio Los Eucaliptos (Francisco Alvarez, Pdo. Moreno);1
619;1838;Barrio Los Eucaliptos (Luis Guillon, Pdo. E. Echeverria);1
620;1879;Barrio Los Eucaliptos (Quilmes Oeste, Pdo. Quilmes);1
621;1663;Barrio Los Eucaliptos (San Miguel, Pdo. Gral Sarmiento);1
622;1667;Barrio Los Gallitos;1
623;1744;Barrio Los Limones;1
624;1884;Barrio Los Manzanos;1
625;1663;Barrio Los Nogales;1
626;1664;Barrio Los Paraisos;1
627;1884;Barrio Los Pinos (Berazategui, Pdo. Berazategui);1
628;1836;Barrio Los Pinos (Llavallol, Pdo. Lomas De Zamora);1
629;1663;Barrio Los Pinos (San Miguel, Estaf. No. 6, Pdo.G.Sarmiento);1
630;1884;Barrio Los Troncos;1
631;1617;Barrio Los Troncos Del Talar;1
632;1722;Barrio Los Vascos;1
633;2804;Barrio Lubo;1
634;1884;Barrio Luchetti;1
635;1806;Barrio Lujan;1
636;8000;Barrio Maldonado;1
637;2700;Barrio Malvinas Argrentinas;1
638;7109;Barrio Mar De Ajo Norte;1
639;1746;Barrio Maravilla Del Oeste;1
640;1765;Barrio Marconi;1
641;1828;Barrio Mariano Moreno (Banfield, Pdo. Lomas De Zamora);1
642;1686;Barrio Mariano Moreno (Hurlingham, Pdo. Moron);1
643;1663;Barrio Mariano Moreno (San Miguel, Pdo. Gral Sarmiento);1
644;1822;Barrio Mariano Moreno (Valentin Alsina, Pdo. Lanus);1
645;1714;Barrio Marina;1
646;1886;Barrio Maritimo;1
647;1663;Barrio Martin Fierro;1
648;7300;Barrio Martin Guemes;1
649;1842;Barrio Martinez Moreno;1
650;1661;Barrio Mayor Irusta;1
651;1663;Barrio Mitre (San Miguel, Pdo. Gral. Sarmiento);1
652;2900;Barrio Mitre (San Nicolas, Pdo. San Nicolas);1
653;1888;Barrio Monte Cudine;1
654;1842;Barrio Monte Chico;1
655;1842;Barrio Montecarlo;1
656;1888;Barrio Monteverde;1
657;1759;Barrio Nahuel;1
658;1888;Barrio Nobile;1
659;8000;Barrio Noroeste;1
660;1663;Barrio Norte Sarmiento;1
661;2900;Barrio Novamur;1
662;1842;Barrio Nuestras Malvinas;1
663;7630;Barrio Nuestro Hogar;1
664;7630;Barrio Nueva Pompeya;1
665;1900;Barrio Nuevo (La Plata, Pdo. La Plata);1
666;1716;Barrio Nuevo (Libertad, Pdo. Merlo);1
667;1661;Barrio Obligado;1
668;1923;Barrio Obrero Berisso;1
669;1607;Barrio Obrero Ferroviario;1
670;1874;Barrio Obrero Villa Avellaneda;1
671;7630;Barrio Obrero (Necochea, Pdo. Necochea);1
672;6450;Barrio Obrero (Pehuajo, Pdo. Pehajo);1
673;7607;Barrio Oeste;1
674;1761;Barrio Olaechea;1
675;1763;Barrio Oro Verde;1
676;1888;Barrio Palermo Chico;1
677;6600;Barrio Pampa Chica;1
678;1650;Barrio Para Jefes Y Oficiales General San Martin;1
679;1686;Barrio Parada Gallo;1
680;2900;Barrio Parque;1
681;1613;Barrio Parque Alvear;1
682;1832;Barrio Parque Baron;1
683;7607;Barrio Parque Bristol;1
684;7600;Barrio Parque Camet;1
685;1665;Barrio Parque El Ombu;1
686;1856;Barrio Parque Ipona;1
687;1667;Barrio Parque Kanmar;1
688;7600;Barrio Parque La Florida;1
689;1663;Barrio Parque La Gloria;1
690;1623;Barrio Parque Lambare;1
691;7600;Barrio Parque Luro;1
692;1849;Barrio Parque Mariano Moreno;1
693;8000;Barrio Parque Patagonia;1
694;1708;Barrio Parque Peluffo;1
695;1669;Barrio Parque Pero;1
696;1686;Barrio Parque Quirno;1
697;1856;Barrio Parque Roma;1
698;1744;Barrio Parque Sambrizzi;1
699;1722;Barrio Parque San Martin;1
700;1665;Barrio Parque San Miguel;1
701;1828;Barrio Parque Union Y Fraternidad;1
702;1876;Barrio Pasco;1
703;7109;Barrio Pedro J. Rocco;1
704;8000;Barrio Pedro Pico;1
705;7600;Barrio Pinares;1
706;1669;Barrio Pinazo;1
707;1714;Barrio Pintemar;1
708;1759;Barrio Pitaluga;1
709;6600;Barrio Pozzi Y Pin;1
710;1772;Barrio Presidente Sarmiento;1
711;1772;Barrio Presidente Urquiza;1
712;1825;Barrio Primavera;1
713;7600;Barrio Primera Junta;1
714;1814;Barrio Primero De Mayo;1
715;1804;Barrio Progreso;1
716;1828;Barrio Provincias Unidas;1
717;7600;Barrio Pueblo Nuevo;1
718;1713;Barrio Puente Roca;1
719;1665;Barrio Pueyrredon;1
720;1613;Barrio Quesada Pacheco;1
721;1884;Barrio Rayo De Sol (Berazategui, Pdo. Berazategui);1
722;1854;Barrio Rayo De Sol (Longchamps, Pdo. Alte. Brown);1
723;1888;Barrio Residencial San Emilio;1
724;1617;Barrio Residencial Estancia General Pacheco;1
725;1889;Barrio Ricardo Rojas (El Rocio, Pdo. Florencio Varela);1
726;1617;Barrio Ricardo Rojas (Gral. Pacheco, Pdo. Tigre);1
727;1617;Barrio Rodriguez;1
728;8000;Barrio Rosario Sud;1
729;7630;Barrio Rosi;1
730;1852;Barrio Sakura;1
731;1881;Barrio San Agustin;1
732;1629;Barrio San Alejo;1
733;8000;Barrio San Blas;1
734;1765;Barrio San Carlos;1
735;1765;Barrio San Cayetano (Isidro Casanova, Pdo. La Matanza);1
736;7600;Barrio San Cayetano (Mar Del Plata, Pdo. Gral. Pueyrredon);1
737;1834;Barrio San Cristobal;1
738;1879;Barrio San Domingo;1
739;1888;Barrio San Eduardo;1
740;1759;Barrio San Enrique;1
741;1834;Barrio San Fernando;1
742;1708;Barrio San Francisco;1
743;1651;Barrio San Ignacio De Loyola;1
744;1804;Barrio San Ignacio (Ezeiza Estafeta No.6, Pdo. E.Echeverria);1
745;1763;Barrio San Ignacio (Virrey Del Pino, Pdo. La Matanza);1
746;2800;Barrio San Jacinto;1
747;1847;Barrio San Javier;1
748;1888;Barrio San Jorge (Florencio Varela Estaf.No.4, Pdo.F.Varela);1
749;1613;Barrio San Jorge (Los Polvorines, Pdo. Gral. Sarmiento);1
750;1646;Barrio San Jorge (San Fernando, Pdo. San Fernando);1
751;1846;Barrio San Jose (Alte. Brown, Pdo. Alte. Brown);1
752;1765;Barrio San Jose (Isidro Casanova, Pdo.La Matanza);1
753;7600;Barrio San Jose (Mar Del Plata, Pdo.Gral.Pueyrredon);1
754;1708;Barrio San Jose (Moron, Pdo.Moron);1
755;1834;Barrio San Jose (Temperley, Pdos.L.De Zamora Y Alte.Brown);1
756;1744;Barrio San Jose (Moreno, Pdo.Moreno);1
757;1846;Barrio San Juan (Alte. Brown, Pdo. Alte. Brown);1
758;1884;Barrio San Juan (Berazategui, Pdo.Berazategui);1
759;1765;Barrio San Juan (Isidro Casanova, Pdo.La Matanza);1
760;1714;Barrio San Juan (Ituzaingo, Pdo.Moron);1
761;7600;Barrio San Juan (Mar Del Plata, Pdo.Gral. Pueyrredon);1
762;1834;Barrio San Juan (Temperley, Pdo.Lomas De Zamora);1
763;1849;Barrio San Lucas;1
764;1665;Barrio San Luis;1
765;1763;Barrio San Mariano;1
766;8000;Barrio San Martin (Pdo. Bahia Blanca);1
767;7163;Barrio San Martin (Pdo.Gral. Madariaga);1
768;1765;Barrio San Miguel;1
769;1888;Barrio San Nicolas;1
770;1862;Barrio San Pablo;1
771;1757;Barrio San Pedro (Laferrere, Pdo.La Matanza);1
772;1763;Barrio San Pedro (Puente Ezcurra, Pdo.La Matanza);1
773;1847;Barrio San Pedro (Rafael Calzada, Pdo.Alte.Brown);1
774;8000;Barrio San Roque (Bahia Blanca, Pdo.Bahia Blanca);1
775;7020;Barrio San Roque (Benito Juarez, Pdo.Benito Juarez);1
776;1884;Barrio San Roque (Berazategui, Pdo.Berazategui);1
777;1665;Barrio San Roque (Jose C. Paz, Pdo. Gral. Sarmiento);1
778;1776;Barrio San Sebastian;1
779;1763;Barrio Santa Amelia;1
780;1663;Barrio Santa Brigida;1
781;1836;Barrio Santa Catalina (Llavallol, Pdo.L.De Zamora);1
782;1881;Barrio Santa Catalina (San Francisco Solano, Pdo.Quilmes);1
783;1849;Barrio Santa Clara;1
784;1723;Barrio Santa Isabel (Mariano Acosta, Pdo.Merlo);1
785;1842;Barrio Santa Isabel (Monte Grande, Pdo.E.Echeverria);1
786;1881;Barrio Santa Isabel (San Francisco Solano, Pdo.Quilmes);1
787;1615;Barrio Santa Lucia;1
788;1862;Barrio Santa Magdalena;1
789;1759;Barrio Santa Maria;1
790;6700;Barrio Santa Marta (Lujan, Pdo.Lujan);1
791;1806;Barrio Santa Marta (Tristan Suarez, Pdo.E. Echeverria);1
792;1665;Barrio Santa Paula;1
793;1619;Barrio Santa Teresa;1
794;1879;Barrio Santo Domingo;1
795;1888;Barrio Santo Tomas;1
796;1881;Barrio Santos Vega;1
797;1849;Barrio Sanz;1
798;1659;Barrio Sargento Cabral - Campo De Mayo;1
799;1772;Barrio Satelite;1
800;2901;Barrio Siderurgia;1
801;1842;Barrio Siglo Xx;1
802;1885;Barrio Sniafa;1
803;1763;Barrio Sofia Bozan;1
804;1804;Barrio Sol De Oro;1
805;1663;Barrio Solar Del Norte;1
806;2901;Barrio Somisa;1
807;1807;Barrio Stella Maris;1
808;2900;Barrio Super Usina;1
809;1888;Barrio Techo Rojo;1
810;7600;Barrio Tierra De Oro;1
811;8000;Barrio Tiro Federal (Bahia Blanca, Pdo.Bahia Blanca);1
812;7600;Barrio Tiro Federal (Mar Del Plata, Pdo. Gral.Pueyrredon);1
813;2700;Barrio Trocha;1
814;1617;Barrio Troncos Del Talar;1
815;6000;Barrio U.O.C.R.A.;1
816;1825;Barrio Veintiseis De Abril;1
817;1772;Barrio Vicente Lopez Y Planes;1
818;1714;Barrio Villa Alberdi;1
819;1665;Barrio Villa Altube;1
820;1888;Barrio Villa Angelica;1
821;1744;Barrio Villa Anita;1
822;1759;Barrio Villa Carmen;1
823;7109;Barrio Villa Clelia;1
824;1746;Barrio Villa Escobar;1
825;7000;Barrio Villa Gaucho;1
826;1826;Barrio Villa General Balcarce;1
827;1713;Barrio Villa Haras Myriam;1
828;1834;Barrio Villa La Paz;1
829;1847;Barrio Villa Laura;1
830;1613;Barrio Villa Magdalena;1
831;7400;Barrio Villa Mailin;1
832;1828;Barrio Villa Maipu;1
833;1664;Barrio Villa Manuelita;1
834;1842;Barrio Villa Maria;1
835;1657;Barrio Villa Maria De Los Remedios De Escalada;1
836;8000;Barrio Villa Muñiz;1
837;2804;Barrio Villa Nueva;1
838;1825;Barrio Villa Ofelia;1
839;6000;Barrio Villa Ortega;1
840;1640;Barrio Villa Primavera;1
841;7260;Barrio Villa Saladillo;1
842;6070;Barrio Villa Sesquicentenario;1
843;8000;Barrio Vista Alegre (Bahia Blanca, Pdo. Bahia Blanca);1
844;1806;Barrio Vista Alegre (Tristan Suarez, Pdo. E. Echeverria);1
845;1665;Barrio Vucetich;1
846;1667;Barrio Yei-Pora;1
847;1847;Barrio Zabala;1
848;2900;Barrio Zona Super Usina;1
849;7519;Barrow;1
850;1911;Bertolome Bavio;1
851;1636;Bartolome Mitre (Estacion Fcgm);1
852;8107;Base Aeronaval Comandante Espora;1
853;1919;Base Aeronaval De Punta Indio;1
854;1929;Base Naval Rio Santiago;1
855;8113;Baterias;1
856;7540;Bathurst;1
857;6643;Baudrix;1
858;6078;Bayauca;1
859;1643;Beccar;1
860;1625;Belen De Escobar;1
861;1661;Bella Vista Estafeta No.1;1
862;8000;Bella Vista (Bahia Blanca, Pdo. Bahia Blanca);1
863;1661;Bella Vista (Pdo. Gral. Sarmiento);1
864;6535;Bellocq;1
865;1621;Benavidez;1
866;6332;Benitez;1
867;7020;Benito Juarez;1
868;1876;Bernal Estafeta No.1;1
869;1876;Bernal Estafeta No.2;1
870;1876;Bernal Estafeta No.5;1
871;1884;Berazategui;1
872;1884;Berazategui Estafeta No.1;1
873;1884;Berazategui Estafeta No.2;1
874;1884;Berazategui Estafeta No.3;1
875;1884;Berazategui Estafeta No.4;1
876;2743;Berdier;1
877;7406;Bergamisqui;1
878;1923;Berisso;1
879;6071;Bermudez;1
880;1876;Bernal;1
881;1876;Bernal Estafeta No.3;1
882;1876;Bernal Estafeta No.4;1
883;1876;Bernal Estafeta No.6;1
884;1876;Bernal Estafeta No.7;1
885;1876;Bernal Estafeta No.8;1
886;7313;Bernardo Vera Y Pintado;1
887;8124;Berraondo;1
888;6424;Berutti;1
889;1808;Beveriri;1
890;6561;Blancagrande;1
891;6032;Blandengues;1
892;6065;Blaquier;1
893;6661;Blas Durañona;1
894;2805;Blondeau;1
895;1649;Boca Carabelas;1
896;1649;Boca De La Cruz Colorada;1
897;1649;Boca Del Arroyo Estudiante;1
898;8504;Boca Del Rio Negro;1
899;1649;Boca Del Toro;1
900;6348;Bocayuva;1
901;6550;Bolivar;1
902;6439;Bonifacio;1
903;7223;Bonnement (Apeadero Fcgr);1
904;8187;Bordenave;1
905;8000;Bordeu;1
906;1636;Borges;1
907;7620;Bosch;1
908;1889;Bosques;1
909;1609;Boulogne;1
910;1609;Boulogne Estafeta No.1;1
911;1609;Boulogne Estafeta No.3;1
912;1609;Boulogne Sur Mer;1
913;6640;Bragado;1
914;6640;Bragado Estafeta No.1;1
915;6411;Bravo Del Dos;1
916;1903;Buchanan;1
917;1870;Bullrich;1
918;1852;Burzaco;1
919;1852;Burzaco Estafeta No.1;1
920;1852;Burzaco Estafeta No.2;1
921;1834;Cabaña Spindola;1
922;8134;Cabeza De Buey;1
923;8118;Cabildo;1
924;8118;Cabo Corrientes;1
925;7214;Cachari;1
926;6535;Cadret;1
927;6339;Cailomuta;1
928;8101;Calderon;1
929;7400;Calera Avellaneda (Desvio Particular Fcgr.);1
930;7613;Calfucura;1
931;8154;Calvo;1
932;7116;Camaron Chico;1
933;1925;Cambaceres (Ensenada, Pdo.Ensenada);1
934;6516;Cambaceres (Pdo. 9 De Julio);1
935;7612;Camet;1
936;7300;Caminera Azul;1
937;7020;Caminera Juarez;1
938;6700;Caminera Lujan;1
939;7007;Caminera Napaleofu;1
940;7130;Caminera Samborombon;1
941;2900;Caminera San Nicolas;1
942;1879;Camino Calchaqui (Km. 17,300 Al 22,900);1
943;1888;Camino Calchaqui (Km. 23 Al 24,500);1
944;1896;Camino Centenario Km. 11,500;1
945;1896;Camino Gral.Belgrano Km.7,300;1
946;1876;Camino Gral.Belgrano (Km.11 Al 11,900);1
947;1879;Camino Gral.Belgrano (Km.12 Al 17,400 Lado Este);1
948;1881;Camino Gral.Belgrano (Km.14 Al 17,400 Lado Oeste);1
949;1888;Camino Gral.Belgrano (Km.17,500 Al 19);1
950;1888;Camino Gral.Belgrano (Km.19,1 Al 21,4 Igual A 24,6 A 26,9);1
951;1886;Camino Gral.Belgrano (Km.27 Al 30,9);1
952;1890;Camino Gral.Belgrano (Km.31 Al 35);1
953;7613;Campamento;1
954;2804;Campana;1
955;2804;Campana Estafeta No.1;1
956;2915;Campo Aguirrezabala;1
957;6474;Campo Aristimuño;1
958;2700;Campo Buena Vista;1
959;6015;Campo Coliqueo;1
960;2754;Campo Crisol;1
961;1659;Campo De Mayo;1
962;8185;Campo Del Norte Americano;1
963;7247;Campo Funcke;1
964;2752;Campo La Elisa;1
965;8150;Campo La Lima;1
966;2764;Campo La Nena;1
967;7623;Campo La Plata;1
968;6015;Campo La Tribu;1
969;8185;Campo La Zulema;1
970;7623;Campo Leite;1
971;8185;Campo Los Aromos;1
972;1623;Campo Pelaez;1
973;7303;Campo Rojas;1
974;8185;Campo San Juan;1
975;7305;Campodonico;1
976;1625;Campomar (Viñedo);1
977;2903;Campos Salles;1
978;6700;Cañada De Arias;1
979;6625;Cañada La Rica;1
980;8183;Cañada Mariano (Embarcadero Fcdfs);1
981;2740;Cañada Marta;1
982;8504;Cañada Querencia;1
983;6105;Cañada Seca;1
984;7101;Canal 15;1
985;1649;Canal Tres;1
986;1649;Canal A;1
987;1649;Canal C;1
988;1649;Canal Cinco;1
989;1649;Canal Cuatro;1
990;1625;Canal De Reunion;1
991;1649;Canal De La Serna;1
992;1649;Canal Del Este;1
993;1649;Canal Dos;1
994;1649;Canal Gobernador Arana;1
995;1649;Canal Gobernador Arias;1
996;1649;Canal Gobernador De La Serna;1
997;1649;Canal Hambrientos;1
998;1649;Canal Honda;1
999;1649;Canal Laurentino Comas;1
1000;2805;Canal Leandro N. Alem 1A. Seccion;1
1001;2805;Canal Leandro N. Alem 2A. Seccion;1
1002;2800;Canal Martin Irigoyen;1
1003;1649;Canal No.1;1
1004;1649;Canal No.2;1
1005;1649;Canal No.3;1
1006;1649;Canal No.4;1
1007;1649;Canal No.5;1
1008;1649;Canal Picardo;1
1009;1649;Canal Union;1
1010;1649;Canal Uno;1
1011;1649;Canal Urion;1
1012;1649;Canal Villanueva;1
1013;1987;Cancha Del Pollo;1
1014;7153;Cangallo;1
1015;1804;Canning;1
1016;8185;Canonigo Gorriti;1
1017;7000;Cantera Albion;1
1018;7000;Cantera La Federacion;1
1019;7000;Cantera San Luis;1
1020;7401;Canteras De Gregorini;1
1021;1814;Cañuelas;1
1022;1814;Cañuelas Estafeta No.1;1
1023;6612;Capdepont;1
1024;2812;Capilla;1
1025;1888;Capilla De Los Ingleses;1
1026;2812;Capilla Del Señor;1
1027;6461;Capitan Castro;1
1028;1661;Capitan Lozano (Apeadero Fcgu);1
1029;2752;Capitan Sarmiento;1
1030;2703;Carabelas;1
1031;1605;Carapachay;1
1032;1822;Caraza;1
1033;8506;Cardenal Cagliero;1
1034;6430;Carhue;1
1035;7119;Cari Larquea;1
1036;7247;Carlos Beguerie;1
1037;6530;Carlos Casares;1
1038;6701;Carlos Keen;1
1039;2812;Carlos Lemee;1
1040;6515;Carlos Maria Naon;1
1041;6453;Carlos Salas;1
1042;1812;Carlos Spegazzini;1
1043;6455;Carlos Tejedor;1
1044;1886;Carlos T. Sourigues;1
1045;6725;Carmen De Areco;1
1046;8504;Carmen De Patagones;1
1047;1808;Carriquiborde;1
1048;7225;Casalins;1
1049;6417;Casbas;1
1050;7547;Cascada;1
1051;1678;Caseros Estafeta No.1;1
1052;1678;Caseros Sucursal No.1;1
1053;1678;Caseros (Pdo. 3 De Febrero);1
1054;6417;Casey;1
1055;1712;Castelar;1
1056;7114;Castelli;1
1057;6616;Castilla;1
1058;7265;Cazon;1
1059;6535;Centenario;1
1060;7114;Central Guerrero;1
1061;1893;Centro Agricola El Pato;1
1062;6237;Cerrito;1
1063;7403;Cerro Aguila;1
1064;7101;Cerro De La Gloria;1
1065;7000;Cerro De Los Leones;1
1066;7001;Cerro Leones;1
1067;7403;Cerro Negro;1
1068;7403;Cerro Sotuyo;1
1069;1900;Circunvalacion;1
1070;1896;City Bell;1
1071;1896;City Bell Estafeta No. 1;1
1072;1650;Ciudad Del Libertador Gral. San Martin;1
1073;1778;Ciudad General Martin Miguel De Guemes;1
1074;1778;Ciudad General Martin Miguel De Guemes Estafeta No. 3;1
1075;1702;Ciudadela;1
1076;1702;Ciudadela Estafeta No.1;1
1077;1702;Ciudadela Estafeta No.2;1
1078;1702;Ciudadela Estafeta No.3;1
1079;1702;Ciudadela Estafeta No.4;1
1080;7005;Claraz;1
1081;7505;Claromeco;1
1082;7515;Claudio C. Molina;1
1083;7163;Claverie;1
1084;1849;Claypole;1
1085;1849;Claypole Estafeta No.1;1
1086;7612;Cobo;1
1087;8118;Cochrane;1
1088;2752;Colegio San Pablo;1
1089;6743;Coliqueo;1
1090;7201;Colman;1
1091;2720;Colon;1
1092;6034;Colonia Alberdi;1
1093;8142;Colonia Barga;1
1094;6441;Colonia Baron Hirsch;1
1095;1921;Colonia Beethoven;1
1096;8136;Colonia Cuarenta Y Tres;1
1097;7609;Colonia De Vacaciones Chapadmalal;1
1098;1874;Costa De Villa Dominico;1
1099;8180;Colonia Doctor Gobernador Udaondo;1
1100;6403;Colonia El Balde;1
1101;8142;Colonia El Guanaco;1
1102;7136;Colonia Escuela Argentina;1
1103;7172;Colonia Ferrari;1
1104;7318;Colonia Hinojo;1
1105;8181;Colonia Hipolito Yrigoyen;1
1106;1727;Colonia Hogar Ricardo Gutierrez;1
1107;6567;Colonia Inchausti;1
1108;8136;Colonia Juan Couste;1
1109;2905;Colonia La Alicia;1
1110;1888;Colonia La Capilla;1
1111;8136;Colonia La Catalina;1
1112;8508;Colonia La Celina;1
1113;6531;Colonia La Esperanza;1
1114;8185;Colonia La Estela;1
1115;8185;Colonia La Estrella;1
1116;8142;Colonia La Graciela;1
1117;2751;Colonia La Invernada;1
1118;8105;Colonia La Merced;1
1119;2751;Colonia La Nena;1
1120;2751;Colonia La Noria;1
1121;2751;Colonia La Reina;1
1122;1802;Colonia La Valentina;1
1123;2711;Colonia La Vanguardia;1
1124;8183;Colonia La Vascongada;1
1125;2751;Colonia Labordeboy;1
1126;8185;Colonia Lapin;1
1127;1763;Colonia Las Mercedes;1
1128;6513;Colonia Las Yescas;1
1129;8185;Colonia Leven;1
1130;8142;Colonia Los Alamos;1
1131;6018;Colonia Los Bosques;1
1132;1802;Colonia Los Chivatos;1
1133;6007;Colonia Los Hornos;1
1134;6018;Colonia Los Huesos;1
1135;2751;Colonia Los Toldos;1
1136;2760;Colonia Los Tres Ustaris;1
1137;6531;Colonia Mauricio;1
1138;8508;Colonia Miguel Esteverena;1
1139;8144;Colonia Monte La Plata;1
1140;6341;Colonia Murature;1
1141;6708;Colonia Nacional De Alienados;1
1142;1727;Colonia Nacional De Menores;1
1143;6341;Colonia Naveira;1
1144;7318;Colonia Nieves;1
1145;7541;Colonia No. 1 (Coronel Suarez);1
1146;7541;Colonia No. 3 (Coronel Suarez);1
1147;8134;Colonia Ocampo;1
1148;6643;Colonia Palantelen;1
1149;8185;Colonia Phillipson No. 1;1
1150;1763;Colonia Pontevedra;1
1151;8144;Colonia Pueblo Ruso;1
1152;7318;Colonia Rusa;1
1153;6646;Colonia San Eduardo;1
1154;2703;Colonia San Fermin;1
1155;8142;Colonia San Francisco (Juan A. Pradere, Pdo. Patagones);1
1156;6017;Colonia San Francisco (San Emilio, Pdo. Gral Viamonte);1
1157;8164;Colonia San Martin;1
1158;7403;Colonia San Miguel;1
1159;8164;Colonia San Pedro;1
1160;6437;Colonia San Ramon;1
1161;6535;Colonia Santa Maria;1
1162;8185;Colonia Santa Mariana;1
1163;8181;Colonia Santa Rosa (Alta Vista, Pdo. Puan);1
1164;1816;Colonia Santa Rosa (Pdo. Cañuelas);1
1165;8185;Colonia Sapin;1
1166;6459;Colonia Sere;1
1167;2751;Colonia Stegman;1
1168;8142;Colonia Tapatta;1
1169;2933;Colonia Velaz;1
1170;6628;Colonia Zambungo;1
1171;6601;Comahue Oeste;1
1172;7135;Comandante Giribone;1
1173;7603;Comandante Nicanor Otamendi;1
1174;6641;Comodoro Py;1
1175;6233;Condarco;1
1176;2907;Conesa;1
1177;7639;Cooper;1
1178;7511;Copetonas;1
1179;6465;Coraceros;1
1180;6405;Corazzi;1
1181;6507;Corbett;1
1182;7208;Coronel Boerr;1
1183;1980;Coronel Brandsen;1
1184;1980;Coronel Brandsen Estafeta No.1;1
1185;1980;Coronel Brandsen Estafeta No.2;1
1186;6223;Coronel Charlone;1
1187;8150;Coronel Dorrego;1
1188;8118;Coronel Falcon;1
1189;1672;Coronel Francisco Linch;1
1190;6062;Coronel Granada;1
1191;2747;Coronel Isleño;1
1192;8000;Coronel Maldonado;1
1193;6555;Coronel Marcelino Freyre;1
1194;6533;Coronel Martinez De Hoz;1
1195;6628;Coronel Mom;1
1196;7530;Coronel Pringles;1
1197;7313;Coronel Rodolfo Bunge;1
1198;6628;Coronel Segui;1
1199;7540;Coronel Suarez;1
1200;7174;Coronel Vidal;1
1201;8118;Corti;1
1202;6712;Cortines;1
1203;7112;Costa Azul;1
1204;3445;Costa Bonita;1
1205;2914;Costa Brava;1
1206;1872;Costa De Sarandi;1
1207;7305;Covello;1
1208;7503;Cristiano Muerto;1
1209;1913;Cristino Benavidez;1
1210;7307;Crotto;1
1211;1870;Crucecita;1
1212;1676;Cuadrilla 1011 (Fcgsm., Subdivision Alianza);1
1213;7225;Cuartel 5O.;1
1214;7136;Cuartel 6O.;1
1215;7135;Cuartel 8O.;1
1216;7116;Cuartel 9O.;1
1217;1649;Cuarteles Carabelas;1
1218;6700;Cuartel Iv;1
1219;1987;Cuartel Llo.;1
1220;8105;Cuatreros;1
1221;1649;Cuatro Bocas;1
1222;2707;Cuatro De Noviembre;1
1223;6723;Cucullu;1
1224;6746;Cucha Cucha;1
1225;6231;Cuenca;1
1226;7263;Cumbeao;1
1227;6451;Curaru;1
1228;7548;Cura-Malal;1
1229;7548;Curumalan;1
1230;6740;Chacabuco;1
1231;2700;Chacra Experimental;1
1232;7163;Chaja;1
1233;7406;Chala Quilca;1
1234;6017;Chancay;1
1235;7605;Chapadmalal;1
1236;7203;Chapaleofu;1
1237;7020;Chapar;1
1238;7223;Chas;1
1239;7130;Chascomus;1
1240;7130;Chascomus Estafeta No.1;1
1241;7130;Chascomus Estafeta No.2;1
1242;7130;Chascomus Estafeta No.3;1
1243;8117;Chasico;1
1244;2764;Chenaut;1
1245;6476;Chiclana;1
1246;7311;Chillar;1
1247;6620;Chivilcoy;1
1248;6620;Chivilcoy Estafeta No.1;1
1249;6620;Chivilcoy Estafeta No.2;1
1250;6620;Chivilcoy Estafeta No.3;1
1251;6620;Chivilcoy Estafeta No.4;1
1252;6620;Chivilcoy Estafeta No.5;1
1253;6620;Chivilcoy Estafeta No.7;1
1254;1649;Chaña-Mini;1
1255;8117;Choique;1
1256;6341;Chopi Talo;1
1257;6555;Daireaux;1
1258;1901;Dalmiro Saenz (Apeadero Fcgb);1
1259;8183;Darregueira;1
1260;6348;De Bary;1
1261;6031;De Bruyn;1
1262;7013;De La Canal;1
1263;7515;De La Garma;1
1264;7521;Deferrari;1
1265;7265;Del Carril;1
1266;6509;Del Valle;1
1267;1669;Del Viso;1
1268;1669;Del Viso Estafeta No.1;1
1269;8185;Delfin Huergo;1
1270;6007;Delgado;1
1271;6516;Dennehy;1
1272;7531;Despeñaderos;1
1273;1925;Destileria Fiscal;1
1274;6031;Desvio El Chingolo;1
1275;6503;Desvio Kilometro 234;1
1276;8109;Desvio Sandrini;1
1277;7313;Dieciseis De Julio;1
1278;8129;Diecisiete De Agosto;1
1279;2812;Diego Gaynor;1
1280;7603;Dionisia;1
1281;1623;Dique Lujan;1
1282;1900;Dique No. 1;1
1283;2701;Doce De Agosto;1
1284;6501;Doce De Octubre;1
1285;1925;Dock Central;1
1286;1871;Dock Sud;1
1287;1644;Doctor Albert Schweitzer (Parada Fcgm);1
1288;1602;Doctor Antonio Cetrangolo (Parada Fcgm);1
1289;6708;Doctor Domingo Cabred;1
1290;7212;Doctor Domingo Harosteguy;1
1291;1894;Doctor Ricardo Levene;1
1292;1617;Doctor Ricardo Rojas;1
1293;7100;Dolores;1
1294;7100;Dolores Estafeta No.1;1
1295;7100;Dolores Estafeta No.2;1
1296;1706;Domingo Faustino Sarmiento;1
1297;1984;Domselaar;1
1298;1876;Don Bosco;1
1299;7135;Don Cipriano;1
1300;1611;Don Torcuato;1
1301;1611;Don Torcuato Estafeta No.1;1
1302;1611;Don Torcuato Estafeta No.2;1
1303;7116;Don Vicente;1
1304;6042;Dos Hermanos;1
1305;7007;Dos Naciones;1
1306;2935;Doyle;1
1307;6242;Drabble;1
1308;6455;Drysdale;1
1309;8170;Ducos;1
1310;6505;Dudignac;1
1311;8164;Dufaur;1
1312;2764;Duggan;1
1313;6405;Duhau;1
1314;7401;Durañona;1
1315;6050;Dussaud;1
1316;7541;D'Orbigny;1
1317;6030;Edmundo B. Perkins (Estacion Fcgsm);1
1318;6064;Eduardo Costa;1
1319;7013;Egaña;1
1320;1686;Ejercito De Los Andes (Parada Fcgu);1
1321;7225;El Alba;1
1322;2721;El Arbolito;1
1323;8504;El Bagual;1
1324;7305;El Bañado;1
1325;7507;El Bombero;1
1326;7601;El Boqueron;1
1327;6537;El Camoati;1
1328;7135;El Carbon;1
1329;7203;El Carmen De Langueyu;1
1330;1907;El Carmen (Pdo. La Plata);1
1331;2754;El Carmen (Viña, Pdo. Pergamino);1
1332;6537;El Carpincho;1
1333;7500;El Carretero;1
1334;7607;El Centinela (Miramar, Pdo. Gral. Alvarado);1
1335;1649;El Correntoso;1
1336;8117;El Corta Pie;1
1337;7503;El Cristiano;1
1338;1665;El Cruce;1
1339;7163;El Chaja;1
1340;7007;El Cheique;1
1341;7263;El Chumbiao;1
1342;2935;El Descanso;1
1343;7116;El Destino;1
1344;7531;El Divisorio;1
1345;6031;El Dorado;1
1346;1735;El Durazno;1
1347;1617;El Embrujo;1
1348;2946;El Espinillo;1
1349;7130;El Eucaliptus;1
1350;2804;El Fenix;1
1351;7000;El Gallo;1
1352;1748;El Granadero;1
1353;7200;El Gualicho;1
1354;7007;El Hervidero;1
1355;6531;El Jabali;1
1356;2707;El Jaguel (Guido Spano, Pdo. Rojas);1
1357;1842;El Jaguel (Pdo. Esteban Echeverria);1
1358;7620;El Junco;1
1359;2916;El Jupiter;1
1360;7635;El Lenguaraz;1
1361;7513;El Lucero;1
1362;7313;El Luchador;1
1363;7260;El Mangrullo;1
1364;7600;El Martillo;1
1365;7305;El Mirador;1
1366;7623;El Moro;1
1367;2740;El Nacional;1
1368;6437;El Nilo;1
1369;1888;El Ombu;1
1370;1667;El Palenque;1
1371;1684;El Palomar;1
1372;1684;El Palomar Estafeta No.1;1
1373;1684;El Palomar Estafeta No.2;1
1374;1684;El Palomar Estafeta No.3;1
1375;1684;El Palomar Estafeta No.4;1
1376;1865;El Pampero;1
1377;2916;El Paraiso (Pdo. Ramallo);1
1378;8144;El Paraiso (Tte. Origone, Pdo. Villarino);1
1379;7263;El Parche;1
1380;6341;El Parque;1
1381;2720;El Pelado;1
1382;1894;El Peligro;1
1383;7531;El Pensamiento;1
1384;6053;El Peregrino;1
1385;1907;El Pescado;1
1386;1755;El Pinar;1
1387;1907;El Pino;1
1388;7641;El Pito (Energia, Pdo. Necochea);1
1389;7607;El Pito (Miramar, Pdo. Gral. Alvarado);1
1390;6550;El Porvenir (Bolivar, Pdo. Bolivar);1
1391;1759;El Progreso;1
1392;2751;El Quemado (La Violeta, Pdo. Pergamino);1
1393;6474;El Recado;1
1394;7612;El Refugio;1
1395;1901;El Retiro (La Plata);1
1396;2741;El Retiro (Salto, Pdo. Salto);1
1397;6017;El Retiro (San Emilio, Pdo. Gral. Viamonte);1
1398;7130;El Rincon (Chascomus, Pdo. Chascomus);1
1399;8146;El Rincon (Mayor Buratovich, Pdo. Villarino);1
1400;1889;El Rocio;1
1401;1921;El Rosario;1
1402;7303;El Sauce;1
1403;6463;El Santiago;1
1404;7100;El Sesenta;1
1405;7223;El Siasgo;1
1406;2752;El Silencio;1
1407;7215;El Socorro;1
1408;1613;El Sol;1
1409;7600;El Soldado;1
1410;1617;El Talar;1
1411;2801;El Tatu;1
1412;6515;El Tejar;1
1413;6437;El Trebañon;1
1414;7500;El Triangulo;1
1415;7207;El Trigo;1
1416;6467;El Trio;1
1417;6073;El Triunfo;1
1418;1888;El Tropezon;1
1419;7116;El Vence;1
1420;7620;El Verano;1
1421;7174;El Vigilante;1
1422;7620;El Volante;1
1423;8150;El Zorro;1
1424;6241;Eldia;1
1425;1727;Elias Romero;1
1426;6242;Elordi;1
1427;7243;Elvira;1
1428;7260;Emiliano Reynoso (Estacion Fcgb);1
1429;6628;Emilio Ayarza;1
1430;6508;Emilio Lamarca;1
1431;6241;Emilio V. Bunge;1
1432;6634;Emita;1
1433;7263;Emma;1
1434;1633;Empalme;1
1435;7249;Empalme Lobos;1
1436;1913;Empalme Magdalena;1
1437;8117;Empalme Piedra Echada (Apeadero Fcgr);1
1438;7401;Empalme Querandies;1
1439;1864;Empalme San Vicente;1
1440;8508;Emporio Stroeder;1
1441;6077;Encina;1
1442;7641;Energia;1
1443;1896;Enrique Bell;1
1444;1741;Enrique Fynn;1
1445;6467;Enrique Lavalle;1
1446;1925;Ensenada;1
1447;1925;Ensenada Estafeta No.1;1
1448;6443;Epumer;1
1449;2903;Erezcano;1
1450;8181;Erize;1
1451;6665;Ernestina;1
1452;1808;Erramouspe;1
1453;2801;Escalada;1
1454;1625;Escobar;1
1455;1815;Escuela Agricola Don Bosco;1
1456;7174;Escuela Agricola Rural N. Ezeiza;1
1457;6509;Escuela Agricola Salesiana;1
1458;6003;Escuela Agricola Salesiana (C. G. Unzue);1
1459;1759;Escuela Agricola Santo Tomas De Aquino;1
1460;1927;Escuela Naval Militar Rio Santiago;1
1461;1659;Escuela Profesional General Lemos;1
1462;1659;Escuela Suboficiales Sargento Cabral (Apeadero Fcgu);1
1463;7163;Espadaña;1
1464;1987;Espartillar (Gral. Paz, Pdo. Gral. Paz);1
1465;8171;Espartillar (Pdo. Saavedra);1
1466;7163;Esperon;1
1467;6561;Espigas;1
1468;6601;Espora;1
1469;7100;Esquina Crotto;1
1470;1901;Esquina Negra;1
1471;1629;Establecimiento San Miguel;1
1472;6003;Estacion Ascension;1
1473;2942;Estacion Baradero;1
1474;7536;Estacion Coronel Pringles;1
1475;1649;Estacion Forestal Domingo Faustino Sarmiento (Delta);1
1476;6005;Estacion General Arenales;1
1477;6431;Estacion Lago Epecuen;1
1478;7300;Estacion Lazzarino;1
1479;6070;Estacion Lincoln;1
1480;6501;Estacion Provincial 9 De Julio;1
1481;7505;Estacion San Francisco De Bellocq;1
1482;7020;Estancia Chapar;1
1483;1808;Estancia Chica;1
1484;2723;Estancia Las Gamas;1
1485;6075;Estancia Mitikili;1
1486;6075;Estancia San Antonio;1
1487;6537;Estancia San Claudio;1
1488;7130;Estancia San Rafael;1
1489;2761;Estancia Santa Catalina;1
1490;7225;Estancia Vieja;1
1491;2909;Estancias;1
1492;8185;Esteban A. Gascon;1
1493;6475;Esteban De Luca;1
1494;6607;Esteban Diaz;1
1495;8127;Estela;1
1496;7260;Esther;1
1497;2346;Estingana;1
1498;8118;Estomba;1
1499;6725;Estrella Naciente;1
1500;7207;Estrugamou;1
1501;6703;Etchegoyen;1
1502;7301;Eufemio Uballes;1
1503;2812;Exaltacion De La Cruz;1
1504;1804;Ezeiza;1
1505;1804;Ezeiza Estafeta No.1;1
1506;1804;Ezeiza Estafeta No.2;1
1507;1804;Ezeiza Estafeta No.3;1
1508;1804;Ezeiza Estafeta No.4;1
1509;1882;Ezpeleta;1
1510;6533;Facundo Quiroga;1
1511;7153;Fair;1
1512;8150;Faro;1
1513;7600;Faro Punta Mogotes;1
1514;7165;Faro Querandi;1
1515;8150;Faro Recalada;1
1516;7103;Faro San Antonio;1
1517;8504;Faro Segunda Barranca;1
1518;1633;Fatima;1
1519;6430;Fatralo;1
1520;6500;Fauzon;1
1521;8129;Felipe Sola;1
1522;6223;Fernando Marti;1
1523;6003;Ferre;1
1524;1822;Fiorito;1
1525;2763;Flamenco;1
1526;1888;Florencio Varela;1
1527;1888;Florencio Varela Estafeta No.2;1
1528;1888;Florencio Varela Estafeta No.3;1
1529;1888;Florencio Varela Estafeta No.4;1
1530;1888;Florencio Varela Estafeta No.5;1
1531;1888;Florencio Varela Estafeta No.6;1
1532;1888;Florencio Varela Estafeta No.7;1
1533;1602;Florida;1
1534;1602;Florida Estafeta No.1;1
1535;2700;Fontezuela;1
1536;7403;Fortabat;1
1537;6031;Fortin Acha;1
1538;8160;Fortin Chaco;1
1539;7316;Fortin Irene;1
1540;7404;Fortin Lavalle;1
1541;8148;Fortin Mercedes;1
1542;7406;Fortin Necochea;1
1543;6403;Fortin Olavarria;1
1544;6417;Fortin Paunero;1
1545;6001;Fortin Tiburcio;1
1546;8148;Fortin Viejo;1
1547;6073;Fortin Vigilancia;1
1548;1746;Francisco Alvarez;1
1549;1746;Francisco Alvarez Estafeta No.1;1
1550;1746;Francisco Alvarez Estafeta No.3;1
1551;1746;Francisco Alvarez Estafeta No.4;1
1552;2700;Francisco Ayerza;1
1553;7221;Francisco A. Berra;1
1554;1808;Francisco Casal;1
1555;6403;Francisco De Vitoria;1
1556;7301;Francisco J. Meeks;1
1557;6472;Francisco Madero;1
1558;6475;Francisco Magnano;1
1559;6341;Francisco Murature;1
1560;6614;Franklin;1
1561;6516;French;1
1562;1923;Frigorifico Armour;1
1563;2806;Frigorifico Las Palmas;1
1564;8160;Fuerte Argentino;1
1565;1825;Fuerte Barragan;1
1566;7007;Fulton;1
1567;7220;Funke (Apeadero Fcgb);1
1568;2745;Gahan;1
1569;7203;Galera De Torres;1
1570;6513;Galo Llorente;1
1571;8101;Galvan;1
1572;1900;Gambier;1
1573;7136;Gandara;1
1574;8162;Garcia Del Rio;1
1575;7003;Gardey;1
1576;1619;Garin;1
1577;1619;Garin Estafeta No.1;1
1578;6411;Garre;1
1579;8103;Garro;1
1580;7503;Genaro Valdez;1
1581;7607;General Alvarado;1
1582;7263;General Alvear;1
1583;6005;General Arenales;1
1584;6005;General Arenales Estafeta No.1;1
1585;7223;General Belgrano;1
1586;8105;General Cerri;1
1587;7101;General Conesa;1
1588;8105;General Daniel Cerri;1
1589;7118;General Guido;1
1590;1739;General Hornos;1
1591;7406;General La Madrid;1
1592;1741;General Las Heras;1
1593;7103;General Lavalle;1
1594;7163;General Madariaga;1
1595;7163;General Madariaga Estafeta No.1;1
1596;1911;General Mansilla;1
1597;6646;General O'Brien;1
1598;1617;General Pacheco;1
1599;1617;General Pacheco Estafeta No.1;1
1600;1617;General Pacheco Estafeta No.2;1
1601;1617;General Pacheco Estafeta No.3;1
1602;1617;General Pacheco Estafeta No.4;1
1603;1617;General Pacheco Estafeta No.5;1
1604;1987;General Paz;1
1605;6050;General Pinto;1
1606;7172;General Piran;1
1607;1748;General Rodriguez;1
1608;2905;General Rojo;1
1609;8124;General Rondeau;1
1610;1663;General Sarmiento;1
1611;6015;General Viamonte;1
1612;6230;General Villegas;1
1613;6230;General Villegas Estafeta No.1;1
1614;6507;Gerente Cilley;1
1615;1870;Gerli Estafeta No.1;1
1616;1870;Gerli (Pdo. Avellaneda);1
1617;1824;Gerli (Pdo. Lanus);1
1618;6053;Germania;1
1619;8151;Gil;1
1620;6407;Girodias;1
1621;6451;Girondo;1
1622;1856;Glew;1
1623;8129;Glorialdo;1
1624;6451;Gnecco;1
1625;2764;Gobernador Andonaegui;1
1626;6531;Gobernador Arias;1
1627;2946;Gobernador Castro;1
1628;1901;Gobernador Eduardo Arana (Apeadero Fcgb);1
1629;1901;Gobernador Luis Garcia (Apeadero Fcgb);1
1630;1888;Gobernador Monteverde;1
1631;1981;Gobernador Obligado;1
1632;7221;Gobernador Udaondo;1
1633;6621;Gobernador Ugarte;1
1634;7163;Gobos;1
1635;6614;Goldney;1
1636;1983;Gomez;1
1637;1983;Gomez De La Vega;1
1638;6241;Gondra;1
1639;7163;Goñi;1
1640;1759;Gonzalez Catan;1
1641;1759;Gonzalez Catan Estafeta No.1;1
1642;1759;Gonzalez Catan Estafeta No.3;1
1643;1759;Gonzalez Catan Estafeta No.4;1
1644;1763;Gonzalez Catan Estafeta No.6;1
1645;7513;Gonzalez Chaves;1
1646;6239;Gonzalez Moreno;1
1647;6605;Gonzalez Risos;1
1648;7226;Gorchs;1
1649;2717;Gornatti;1
1650;7163;Goroso;1
1651;6632;Gorostiaga;1
1652;6727;Gouin;1
1653;6608;Gowland;1
1654;8175;Goyena;1
1655;7220;Goyeneche;1
1656;6335;Graciarena (Pdo. Salliquelo);1
1657;8134;Graciarena (Nicolas Levalle, Pdo. Villarino);1
1658;1615;Grand Bourg;1
1659;1615;Grand Bourg Estafeta No.1;1
1660;1615;Grand Bourg Estafeta No.2;1
1661;1615;Grand Bourg Estafeta No.3;1
1662;1615;Grand Bourg Estafeta No.4;1
1663;1925;Grand Dock;1
1664;6740;Gregorio Villafañe;1
1665;6627;Grisolia;1
1666;8101;Grunbein;1
1667;1613;Guadalupe;1
1668;6435;Guamini;1
1669;6476;Guanaco;1
1670;7220;Guardia Del Monte;1
1671;1649;Guazu Y Manzano;1
1672;1649;Guazu Y Naranjo;1
1673;1862;Guernica;1
1674;1862;Guernica Estafeta No.1;1
1675;7116;Guerrero;1
1676;2717;Guerrico;1
1677;2707;Guido Spano;1
1678;1885;Guillermo E. Hudson;1
1679;6053;Gunther;1
1680;7163;Gutierrez;1
1681;7205;Guzman;1
1682;1706;Haedo;1
1683;6064;Halcey;1
1684;6511;Hale;1
1685;6005;Ham;1
1686;1808;Haras Argentina;1
1687;7223;Haras Chacabuco;1
1688;7605;Haras Chapadmalal;1
1689;6050;Haras El 14;1
1690;6627;Haras El Carmen;1
1691;2701;Haras El Centinela;1
1692;7020;Haras El Cisne;1
1693;7631;Haras El Moro;1
1694;2916;Haras El Ombu;1
1695;2720;Haras El Pelado;1
1696;7245;Haras El Salaso;1
1697;6612;Haras La Elvira;1
1698;7011;Haras La Lula;1
1699;2752;Haras Los Cardales;1
1700;7631;Haras Nacional;1
1701;7620;Haras Ojo De Agua;1
1702;7174;Haras Primero De Mayo;1
1703;1984;Haras Rataplan;1
1704;7263;Haras R. De La Parva;1
1705;7136;Haras San Ignacio;1
1706;2705;Haras San Jacinto;1
1707;6075;Haras Trujui;1
1708;6723;Heavy;1
1709;6465;Henderson;1
1710;6621;Henry Bell;1
1711;6233;Hereford;1
1712;6557;Herrera Vegas;1
1713;8142;Hilario Ascasubi;1
1714;7163;Hinojales;1
1715;7318;Hinojo;1
1716;7318;Hinojo Estafeta No. 1;1
1717;7172;Hogar Mariano Ortiz Basualdo;1
1718;1727;Hogar Ricardo Gutierrez;1
1719;1808;Hogg;1
1720;1739;Hornos;1
1721;1901;Hornos Del Serrano;1
1722;6537;Hortensia;1
1723;7630;Hospital Necochea;1
1724;2700;Hospital Sanatorio De Llanura;1
1725;1748;Hospital Vicente Lopez Y Planes;1
1726;7545;Huanguelen;1
1727;7500;Hueso Clavado;1
1728;6511;Huetel;1
1729;2707;Hunter;1
1730;1686;Hurlingham;1
1731;1686;Hurlingham Estafeta No.1;1
1732;1686;Hurlingham Estafeta No.2;1
1733;1686;Hurlingham Estafeta No.4;1
1734;1686;Hurlingham Estafeta No.5;1
1735;1686;Hurlingham Estafeta No.6;1
1736;1686;Hurlingham Estafeta No.7;1
1737;6455;Husares;1
1738;7223;Ibañez;1
1739;8512;Igarzabal;1
1740;1909;Ignacio Correas;1
1741;6623;Indacochea;1
1742;7501;Indio Rico;1
1743;2747;Ines Indart;1
1744;1901;Ingeniero Andres Villanueva (Apeadero Fcgb);1
1745;6051;Ingeniero Balbin;1
1746;6457;Ingeniero Beaugey;1
1747;1773;Ingeniero Budge;1
1748;1891;Ingeniero Juan Allan;1
1749;1623;Ingeniero Maschwitz;1
1750;2935;Ingeniero Moneta;1
1751;1613;Ingeniero Pablo Nogues;1
1752;1901;Ingeniero Rodolfo Moreno (Apeadero Fcgb);1
1753;2802;Ingeniero Romulo Otamendi;1
1754;6743;Ingeniero Silveyra;1
1755;6337;Ingeniero Thompson;1
1756;2907;Ingeniero Urcelay (Estacion Fcgb);1
1757;8103;Ingeniero White;1
1758;6003;Ingeniero Williams;1
1759;6451;Inocencio Sosa;1
1760;1903;Instituto Agustin R. Gambier;1
1761;7163;Invernadas;1
1762;6013;Irala;1
1763;7009;Iraola;1
1764;7507;Irene;1
1765;2943;Ireneo Portela;1
1766;6042;Iriarte;1
1767;1765;Isidro Casanova;1
1768;1765;Isidro Casanova Estafeta No.2;1
1769;1765;Isidro Casanova Estafeta No.3;1
1770;1765;Isidro Casanova Estafeta No.4;1
1771;1765;Isidro Casanova Estafeta No.5;1
1772;1765;Isidro Casanova Estafeta No.6;1
1773;8111;Isla Catarelli;1
1774;2931;Isla Los Laureles;1
1775;1871;Isla Maciel;1
1776;1601;Isla Martin Garcia;1
1777;1929;Isla Paulino;1
1778;8504;Isla Peña;1
1779;8504;Isla San Martin;1
1780;1929;Isla Santiago;1
1781;8146;Isla Verde;1
1782;6667;Islas;1
1783;7163;Isondu;1
1784;6557;Iturregui;1
1785;1714;Ituzaingo;1
1786;1714;Ituzaingo Estafeta No.1;1
1787;1714;Ituzaingo Estafeta No.2;1
1788;1714;Ituzaingo Estafeta No.3;1
1789;1714;Ituzaingo Estafeta No.4;1
1790;1714;Ituzaingo Estafeta No.5;1
1791;1714;Ituzaingo Estafeta No.7;1
1792;8508;Jarilla;1
1793;6706;Jauregui;1
1794;1986;Jeppener;1
1795;1896;Joaquin Gorina;1
1796;1886;John F. Kennedy;1
1797;1686;Jorge Newbery (Parada Fcgu);1
1798;8156;Jose A. Guisasola;1
1799;8506;Jose B. Casas;1
1800;1665;Jose C. Paz;1
1801;1665;Jose C. Paz Estafeta No.1;1
1802;1665;Jose C. Paz Estafeta No.12;1
1803;1665;Jose C. Paz Estafeta No.13;1
1804;1665;Jose C. Paz Estafeta No.14;1
1805;1665;Jose C. Paz Estafeta No.2;1
1806;1665;Jose C. Paz Estafeta No.3;1
1807;1665;Jose C. Paz Estafeta No.4;1
1808;1665;Jose C. Paz Estafeta No.5;1
1809;1665;Jose C. Paz Estafeta No.6;1
1810;1665;Jose C. Paz Estafeta No.9;1
1811;1905;Jose Ferrari;1
1812;1903;Jose Hernandez;1
1813;1778;Jose Ingenieros (Estacion Fcgb. Querandi, Pdo.La Matanza);1
1814;1702;Jose Ingenieros (Pdo. 3 De Febrero);1
1815;1655;Jose Leon Suarez;1
1816;6409;Jose Maria Blanco;1
1817;1682;Jose Maria Bosch;1
1818;7263;Jose Maria Micheo;1
1819;1846;Jose Marmol;1
1820;1607;Jose Marti;1
1821;7260;Jose R. Sojo;1
1822;7243;Jose Santos Arevalo;1
1823;1896;Jose Verge;1
1824;7245;Juan Atucha;1
1825;2717;Juan A. De La Peña;1
1826;8142;Juan A. Pradere;1
1827;6034;Juan Bautista Alberdi;1
1828;6034;Juan Bautista Alberdi Estafeta No.1;1
1829;1686;Juan Bautista De La Salle (Parada Fcgu);1
1830;7267;Juan Blaquier;1
1831;1602;Juan B. Justo (Estacion Fcgm. Florida, Pdo. V. Lopez);1
1832;7136;Juan Couste;1
1833;7517;Juan E. Barra;1
1834;6551;Juan F. Ibarra;1
1835;2909;Juan G. Pujol;1
1836;6603;Juan Jose Almeyra;1
1837;6474;Juan Jose Paso;1
1838;1890;Juan Maria Gutierrez;1
1839;7011;Juan N. Fernandez;1
1840;7247;Juan Tronconi;1
1841;6663;Juan Vela;1
1842;6663;Juan Vucetich (Apeadero Fcgu);1
1843;6430;Juan V. Cilley;1
1844;7169;Juancho;1
1845;7020;Juarez;1
1846;1913;Julio Arditi;1
1847;6000;Junin;1
1848;6000;Junin Estafeta No.1;1
1849;6000;Junin Estafeta No.2;1
1850;6000;Junin Estafeta No.3;1
1851;6000;Junin Estafeta No.4;1
1852;6000;Junin Estafeta No.5;1
1853;6000;Junin Estafeta No.6;1
1854;6000;Junin Estafeta No.7;1
1855;6000;Junin Sucursal No.1;1
1856;6000;Junin Sucursal No.2;1
1857;1778;Justo Villegas (Parada Fcgb.);1
1858;2745;Kenny;1
1859;2763;Kilometro 102;1
1860;1915;Kilometro 103 (Apeadero Fcgr);1
1861;6723;Kilometro 108;1
1862;8010;Kilometro 11 (Apeadero Fcgr.);1
1863;7240;Kilometro 112 (Apeadero Fcgr.);1
1864;6605;Kilometro 116 (Apeadero Fcgr.);1
1865;6603;Kilometro 117 (Apeadero Fcgb.);1
1866;7221;Kilometro 128 (Apeadero Fcgb.);1
1867;7226;Kilometro 146 (Apeadero Fcgr.);1
1868;7135;Kilometro 158 (Apeadero Fcgr.);1
1869;2935;Kilometro 172;1
1870;2946;Kilometro 184 (Apeadero Fcgm.);1
1871;6503;Kilometro 234;1
1872;1611;Kilometro 26;1
1873;1888;Kilometro 27;1
1874;6017;Kilometro 282 (Apeadero Fcdfs.);1
1875;1612;Kilometro 30;1
1876;1617;Kilometro 31 (Apeadero Fcgm.);1
1877;6070;Kilometro 321 (Apeadero Fcdfs.);1
1878;6533;Kilometro 322 (Apeadero Fcdfs.);1
1879;1832;Kilometro 34 (Apeadero Fcdfs., Santa Marta, Pdo.L.De Zamora);1
1880;1613;Kilometro 34 (Ing. Pablo Nogues, Pdo.Gral.Sarmiento);1
1881;6075;Kilometro 352 (Apeadero Fcdfs.);1
1882;6075;Kilometro 356 (Apeadero Fcdfs.);1
1883;1889;Kilometro 36 (Embarcadero Fcgb., El Rocio, Pdo.F.Varela);1
1884;2705;Kilometro 36 (Embarcadero Fcgm., Rojas, Pdo. Rojas);1
1885;1615;Kilometro 36 (Grand Bourg, Pdo. Gral. Sarmiento);1
1886;1723;Kilometro 38 (Apeadero Fcgb.,Mariano Acosta, Pdo.Merlo);1
1887;1615;Kilometro 38 (Pdo. Gral. Sarmiento);1
1888;6457;Kilometro 386 (Apeadero Fcdfs.);1
1889;6467;Kilometro 393 (Apeadero Fcdfs.);1
1890;1888;Kilometro 40 (Apeadero Fcgb, Florencio Varela);1
1891;1667;Kilometro 40 (Tortuguitas, Pdo. Pilar);1
1892;7005;Kilometro 404;1
1893;7313;Kilometro 433;1
1894;1980;Kilometro 44 (Apeadero Fcgb.);1
1895;1980;Kilometro 44 (Parada Fcgr.);1
1896;7635;Kilometro 440;1
1897;1727;Kilometro 45 (Apeadero Fcgb., Marcos Paz, Pdo. Marcos Paz);1
1898;1635;Kilometro 45 (Apeadero Fcgu., Pte. Derqui, Pdo. Pilar);1
1899;1881;Kilometro 46 (Parada Fcgb.);1
1900;1870;Kilometro 5 (Estacion Fcgr.);1
1901;1629;Kilometro 52,350 (Apeadero Fcgsm.);1
1902;1727;Kilometro 53 (Parada Fcgb.);1
1903;1931;Kilometro 54 (Apeadero Fcgr.);1
1904;1981;Kilometro 55 (Apeadero Fcgb.);1
1905;8151;Kilometro 563;1
1906;1981;Kilometro 58 (Apeadero Fcgb.);1
1907;1814;Kilometro 59 (Apeadero Fcgr.);1
1908;1629;Kilometro 61 (Apeadero Fcgb.);1
1909;8109;Kilometro 652 (Apeadero Fcgr.);1
1910;1903;Kilometro 66 (Apedadero Fcgr.);1
1911;8105;Kilometro 666 (Apeadero Fcgr.);1
1912;8144;Kilometro 697 (Apeadero Fcgr.);1
1913;1981;Kilometro 70 (Apeadero Fcgb.);1
1914;1737;Kilometro 77 (La Choza, Pdo. Gral. Las Heras);1
1915;1981;Kilometro 77 (Apeadero Fcgb) (Loma Verde, Pdo. Gral. Paz.);1
1916;1741;Kilometro 79 (Apeadero Fcgb.);1
1917;1980;Kilometro 82 (Apeadero Fcgr., Cnel. Brandsen, Pdo. Brandsen);1
1918;1905;Kilometro 82 (Apeadero Fcgr., Poblet, Pdo.La Plata);1
1919;6605;Kilometro 83;1
1920;7221;Kilometro 88 (Apeadero Fcgb. Gdor. Udaondo, Pdo. Cañuelas);1
1921;1815;Kilometro 88 (Apeadero Fcgr.,Uribelarrea, Pdo.Lobos);1
1922;2804;Kilometro 88 (Desvio Particular Fcgm.Campana, Pdo.Campana);1
1923;8010;Kilometro 9 Sud (Apeadero Fcgr.);1
1924;6605;Kilometro 90 (Apeadero Fcgb);1
1925;1911;Kilometro 92 (Apeadero Fcgr);1
1926;6031;Kilometro 95 (Desvio El Chingolo, Pdo. Gral. Arenales);1
1927;1986;Kilometro 95 (Embarcadero Fcgr., Altamirano, Pdo.Gral.Paz);1
1928;7530;Krabbe;1
1929;8138;La Adela;1
1930;7243;La Adelaida;1
1931;7130;La Alameda;1
1932;7116;La Alcira;1
1933;7130;La Amalia;1
1934;7130;La Amistad;1
1935;7119;La Amorilla;1
1936;6003;La Angelita;1
1937;1865;La Argentina;1
1938;6555;La Armonia;1
1939;7009;La Aurora (Iraola, Pdo.Tandil);1
1940;6513;La Aurora (La Niña, Pdo. 9 De Julio);1
1941;8151;La Aurora (Nicolas Descalzi, Pdo. Cnel. Dorrego);1
1942;7007;La Azotea;1
1943;7130;La Azotea Grande;1
1944;7005;La Azucena;1
1945;7521;La Ballena;1
1946;7605;La Ballenera;1
1947;1649;La Barquita;1
1948;7260;La Barrancosa;1
1949;6003;La Beba;1
1950;1858;La Bicha;1
1951;8136;La Blanca;1
1952;7243;La Blanqueada (Pdo. Navarro);1
1953;2933;La Bolsa;1
1954;7620;La Brava;1
1955;2930;La Buena Moza;1
1956;1755;La Calabria;1
1957;6616;La Californa Argentina;1
1958;7260;La Campana (Saladillo, Pdo. Saladillo);1
1959;1808;La Campana (Vicente Casares, Pdo. Cañuelas);1
1960;1876;La Cañada;1
1961;6628;La Carlota;1
1962;6471;La Carreta;1
1963;8136;La Catalina;1
1964;6403;La Cautiva;1
1965;8144;La Celia;1
1966;8136;La Celina;1
1967;6725;La Central;1
1968;7408;La Colina;1
1969;7603;La Colmena;1
1970;8126;La Colorada Chica;1
1971;7300;La Colorada (Azul, Pdo. Azul);1
1972;7119;La Colorada (Santo Domingo, Pdo. Maipu);1
1973;7153;La Constancia;1
1974;7545;La Copeta;1
1975;2700;La Cora;1
1976;7114;La Corinco;1
1977;7114;La Costa (Castelli, Pdo. Castelli);1
1978;1872;La Costa (Sarandi, Pdo. Avellaneda);1
1979;6461;La Cotorra;1
1980;1900;La Cumbre (Apeadero Fcgb);1
1981;1737;La Choza;1
1982;7316;La Chumbeada (Azul, Pdo. Azul);1
1983;7223;La Chumbeada (Pdo. Gral. Belgrano);1
1984;6017;La Delfina;1
1985;2740;La Delia;1
1986;7116;La Despierta;1
1987;6538;La Dorita;1
1988;6628;La Dormilona;1
1989;7637;La Dulce;1
1990;7603;La Elma;1
1991;2901;La Emilia (Pdo. San Nicolas);1
1992;7223;La Esperanza (Gral.Belgrano, Pdo.Gral Belgrano);1
1993;7163;La Esperanza (Gral.Madariaga, Pdo.Gral. J. Madariaga);1
1994;7007;La Esperanza (Napaleofu, Pdo.Balcarce);1
1995;7205;La Esperanza (Rosas, Pdo.Las Flores);1
1996;7100;La Estrella (Dolores, Pdo. Dolores);1
1997;7403;La Estrella (Sierras Bayas, Pdo. Olavarria);1
1998;1663;La Estrella (Trijui, Pdo. Gral Sarmiento);1
1999;8136;La Eva;1
2000;1888;La Fabrica;1
2001;7503;La Feliciana;1
2002;7605;La Florida (Chapadmalal, Pdo. Gral. Pueyrredon);1
2003;7116;La Florida (Pila, Pdo. Pila);1
2004;8185;La Florida (Esteban A. Gascon, Pdo. Adolfo Alsina);1
2005;1865;La Fortuna;1
2006;1748;La Fraternidad;1
2007;1814;La Garita;1
2008;7521;La Gaviota;1
2009;6437;La Gregoria;1
2010;8134;La Gleva;1
2011;6665;La Gloria;1
2012;1623;La Gracielita;1
2013;1901;La Granja;1
2014;6437;La Herminia;1
2015;6475;La Higuera;1
2016;7130;La Horqueta (Pdo. Chascomus);1
2017;2805;La Horqueta (Pdo. Campana);1
2018;7500;La Horqueta (Tres Arroyos, Pdo. Tres Arroyos);1
2019;6005;La Huayqueria;1
2020;7114;La India;1
2021;2745;La Invencible;1
2022;7212;La Isabel;1
2023;1901;La Josefa;1
2024;7600;La Juanita;1
2025;6555;La Larga;1
2026;7116;La Larga Nueva;1
2027;2812;La Lata (Apeadero Fcgu);1
2028;7130;La Limpia (Chascomus, Pdo. Chascomus);1
2029;6645;La Limpia (Pdo. Bragado);1
2030;1669;La Loma (Del Viso, Pdo.Gral.Sarmiento);1
2031;1759;La Loma (Gonzalez Catan, Pdo. La Matanza);1
2032;1900;La Loma (La Plata, Pdo.La Plata);1
2033;6700;La Loma (Lujan, Pdo.Lujan);1
2034;1669;La Lonja;1
2035;7603;La Lucia;1
2036;1636;La Lucila;1
2037;7113;La Lucila Del Mar;1
2038;1636;La Lucila Estafeta No.1;1
2039;2752;La Luisa;1
2040;8150;La Luna;1
2041;7225;La Luz;1
2042;7603;La Madrecita;1
2043;7300;La Mantequeria;1
2044;6439;La Manuela;1
2045;8504;La Margarita (Carmen De Patagones, Pdo. Patagones);1
2046;2715;La Margarita (El Socorro, Pdo. Pergamino);1
2047;6471;La Margarita (La Carreta, Pdo. Trenque Lauquen);1
2048;7260;La Margarita (Saladillo, Pdo. Saladillo);1
2049;6640;La Maria;1
2050;1808;La Marisa;1
2051;8109;La Martina (Punta Alta, Pdo.Cnel.De Marina Leonardo Rosales);1
2052;8134;La Mascota (Pdo. Villarino);1
2053;7225;La Mascota (Real Audiencia, Pdo.Pila);1
2054;7119;La Mascota (Santo Domingo, Pdo. Gral. Lavalle);1
2055;2931;La Matilde;1
2056;8105;La Merced;1
2057;1870;La Mosca;1
2058;2707;La Nacion;1
2059;7212;La Naranja;1
2060;7403;La Narcisa;1
2061;7005;La Negra;1
2062;2740;La Nelida;1
2063;7545;La Nevada;1
2064;6513;La Niña;1
2065;1814;La Noria;1
2066;1907;La Nueva Hermosura;1
2067;7000;La Numancia;1
2068;7313;La Nutria;1
2069;6022;La Oriental;1
2070;6341;La Pala;1
2071;7007;La Palma;1
2072;7403;La Palmira;1
2073;1617;La Paloma;1
2074;7263;La Pampa;1
2075;7620;La Para;1
2076;7001;La Pastora (Pdo. Tandil);1
2077;7500;La Pastora (Tres Arroyos, Pdo. Tres Arroyos);1
2078;7245;La Paz;1
2079;7247;La Paz Chica;1
2080;7601;La Peregrina;1
2081;6550;La Perla;1
2082;1744;La Perlita;1
2083;7116;La Piedra;1
2084;6007;La Pinta;1
2085;1900;La Plata;1
2086;1900;La Plata Estafeta No.1;1
2087;1900;La Plata Estafeta No.10;1
2088;1900;La Plata Estafeta No.11;1
2089;1900;La Plata Estafeta No.12;1
2090;1900;La Plata Estafeta No.13;1
2091;1900;La Plata Estafeta No.14;1
2092;1900;La Plata Estafeta No.16;1
2093;1900;La Plata Estafeta No.18;1
2094;1900;La Plata Estafeta No.2;1
2095;1900;La Plata Estafeta No.3;1
2096;1900;La Plata Estafeta No.4;1
2097;1900;La Plata Estafeta No.5;1
2098;1900;La Plata Estafeta No.6;1
2099;1900;La Plata Estafeta No.7;1
2100;1900;La Plata Estafeta No.8;1
2101;1900;La Plata Estafeta No.9;1
2102;1900;La Plata Sucursal No.1;1
2103;1900;La Plata Sucursal No.2;1
2104;1900;La Plata Sucursal No.3;1
2105;1900;La Plata Sucursal No.4;1
2106;1900;La Plata Sucursal No.5;1
2107;1900;La Plata Sucursal No.6;1
2108;1900;La Plata Sucursal No.7;1
2109;7631;La Playa;1
2110;8124;La Pochola;1
2111;1825;La Polvareda;1
2112;7207;La Porteña (El Trigo, Pdo. Las Flores);1
2113;1744;La Porteña (Moreno, Pdo. Moreno);1
2114;7241;La Porteña (Pdo.Lobos);1
2115;6407;La Porteña (Pdo.Trenque Lauquen);1
2116;7112;La Posta;1
2117;6453;La Pradera;1
2118;7543;La Primavera (Pdo.Cnel.Suarez);1
2119;1921;La Primavera (Alvarez Jonte - Pdo. Magdalena);1
2120;7630;La Primitiva;1
2121;7112;La Proteccion;1
2122;6561;La Protegida (Espigas, Pdo.Olavarria);1
2123;7311;La Protegida (Pdo. Azul);1
2124;7403;La Providencia;1
2125;2912;La Querencia;1
2126;6667;La Rabia;1
2127;7260;La Razon;1
2128;7130;La Reforma Chascomus;1
2129;7603;La Reforma (Cmte. Nicanor Otamendi, Pdo. Gral. Alvarado);1
2130;7245;La Reforma (Pdo.Roque Perez);1
2131;1744;La Reja;1
2132;7536;La Reserva;1
2133;6623;La Rica;1
2134;7245;La Rinconada;1
2135;1755;La Rosa;1
2136;2812;La Rosada;1
2137;8187;La Rosalia;1
2138;6667;La Rubia;1
2139;1744;La Salada;1
2140;7621;La Sara (Ramos Otero, Pdo. Balcarce);1
2141;6612;La Sara (Suipacha, Pdo. Suipacha);1
2142;2751;La Sarita;1
2143;8174;La Saudade;1
2144;8150;La Sirena;1
2145;8154;La Soberana;1
2146;6535;La Sofia;1
2147;8136;La Sombra;1
2148;7517;La Sortija;1
2149;1921;La Talina;1
2150;7500;La Tigra;1
2151;7174;La Tobiana;1
2152;7403;La Tomasa;1
2153;6553;La Torrecita;1
2154;6003;La Trinidad;1
2155;6601;La Valerosa (Estacion Fcgb);1
2156;2715;La Vanguardia;1
2157;8504;La Vara;1
2158;7223;La Verde (Gral. Belgrano, Pdo. Gral. Belgrano);1
2159;6604;La Verde (Pdo.Mercedes);1
2160;6627;La Victoria (Desvio);1
2161;7109;La Victoria (Mar De Ajo, Pdo. De La Costa);1
2162;7225;La Victoria (Pdo. Pila);1
2163;1900;La Villa De Los Hornos;1
2164;2751;La Violeta;1
2165;8115;La Virginia;1
2166;8122;La Viticola;1
2167;6513;La Yesca;1
2168;6400;La Zanja;1
2169;6077;La Zarateña;1
2170;8185;La Zulema;1
2171;7161;Labarden;1
2172;1757;Laferrere;1
2173;1757;Laferrere Estafeta No.1;1
2174;1757;Laferrere Estafeta No.2;1
2175;1757;Laferrere Estafeta No.3;1
2176;1757;Laferrere Estafeta No.4;1
2177;6431;Lago Epecuen;1
2178;6439;Laguna Alsina;1
2179;7620;Laguna Brava;1
2180;8134;Laguna Chasico;1
2181;8134;Laguna Cholito;1
2182;1649;Laguna De Borches;1
2183;6001;Laguna De Gomez;1
2184;1649;Laguna De La Barca;1
2185;7240;Laguna De Lobos;1
2186;7601;Laguna De Los Padres;1
2187;6501;Laguna Del Cura;1
2188;8504;Laguna Del Monte (Carmen De Patagones, Pdo. Patagones);1
2189;6435;Laguna Del Monte (Guamini, Pdo.Guamini);1
2190;7600;Laguna Del Soldado;1
2191;6660;Laguna Las Mulitas;1
2192;1649;Laguna Lagunita;1
2193;7214;Laguna Medina;1
2194;6400;Laguna Redonda;1
2195;8504;Laguna Vera;1
2196;7151;Langueyu;1
2197;1824;Lanus;1
2198;1824;Lanus Estafeta No.1;1
2199;1824;Lanus Estafeta No.10;1
2200;1824;Lanus Estafeta No.2;1
2201;1824;Lanus Estafeta No.3;1
2202;1824;Lanus Estafeta No.4;1
2203;1824;Lanus Estafeta No.5;1
2204;1824;Lanus Estafeta No.7;1
2205;1824;Lanus Estafeta No.8;1
2206;1824;Lanus Estafeta No.9;1
2207;6013;Laplacette;1
2208;7414;Laprida;1
2209;6451;Larramendy;1
2210;6634;Larrea;1
2211;7163;Larrondo;1
2212;7531;Lartigau;1
2213;7116;Las Achiras;1
2214;7172;Las Armas;1
2215;2916;Las Bahamas;1
2216;7130;Las Bruscas;1
2217;2930;Las Canaletas;1
2218;1826;Las Colonias;1
2219;7300;Las Cortaderas (Azul, Pdo. Azul);1
2220;8504;Las Cortaderas (Carmen De Patagones, Pdo.Patagones);1
2221;6437;Las Cuatro Hermanas;1
2222;2741;Las Cuatro Puertas;1
2223;1903;Las Chacras (Melchor Romero, Pdo.La Plata);1
2224;7241;Las Chacras (Pdo.Lobos);1
2225;7174;Las Chilcas (Cnel.Vidal, Pdo.Mar Chiquita);1
2226;7116;Las Chilcas (Pila, Pdo.Pila);1
2227;8134;Las Escobas;1
2228;7200;Las Flores;1
2229;7200;Las Flores Estafeta No.1;1
2230;7521;Las Gaviotas;1
2231;6400;Las Guasquitas;1
2232;7412;Las Hermanas;1
2233;1741;Las Heras;1
2234;8148;Las Isletas;1
2235;6476;Las Juanitas;1
2236;7603;Las Lomas;1
2237;1848;Las Malvinas (Parada Fcdfs.);1
2238;6607;Las Marianas;1
2239;7406;Las Martinetas;1
2240;6437;Las Mercedes;1
2241;7530;Las Mostazas;1
2242;7130;Las Mulas;1
2243;6507;Las Negras;1
2244;7316;Las Nieves;1
2245;7623;Las Nutrias;1
2246;8115;Las Oscuras;1
2247;2806;Las Palmas (Estacion Fcgm);1
2248;6022;Las Parvas;1
2249;7605;Las Piedritas (Mechongue, Pdo. Gral. Alvarado);1
2250;7400;Las Piedritas (Olavarria, Pdo.Olavarria);1
2251;1921;Las Pipinas;1
2252;1901;Las Quintas (Pdo.La Plata);1
2253;1874;Las Quintas (Villa Dominico, Pdo.Avellaneda);1
2254;6533;Las Rosas;1
2255;2707;Las Saladas;1
2256;7007;Las Suizas;1
2257;7151;Las Sultanas;1
2258;1921;Las Tahonas;1
2259;7106;Las Toninas;1
2260;7116;Las Tortugas;1
2261;6453;Las Toscas;1
2262;6437;Las Tres Flores;1
2263;7500;Las Vaquerias;1
2264;8181;Las Vascongadas;1
2265;7406;Lastra;1
2266;6023;Leandro N.Alem;1
2267;7130;Legaristi;1
2268;6400;Lertora;1
2269;6338;Leubuco;1
2270;7116;Lezama;1
2271;6700;Lezica Y Torrezuri (Apeadero Fcdfs);1
2272;7407;Libano;1
2273;1716;Libertad;1
2274;1716;Libertad Estafeta No.2;1
2275;7165;Libres De Sud;1
2276;7007;Licenciado Matienzo;1
2277;2718;Lierra Adjemiro;1
2278;2806;Lima;1
2279;7505;Lin Calel;1
2280;6070;Lincoln;1
2281;6070;Lincoln Estafeta No.1;1
2282;1901;Lisandro Olmos;1
2283;1836;Llavallol;1
2284;1744;Loas De Casasco;1
2285;7635;Loberia;1
2286;7240;Lobos;1
2287;7100;Loma De Salomon;1
2288;7521;Loma Del Indio;1
2289;1722;Loma Florida;1
2290;1722;Loma Grande;1
2291;7403;Loma Negra;1
2292;7203;Loma Partida;1
2293;1925;Loma Verde (Escobar, Pdo. Escobar);1
2294;1981;Loma Verde (Pdo. Gral. Paz);1
2295;1744;Lomas De Casasco;1
2296;1759;Lomas De Garone;1
2297;1663;Lomas De Marilo;1
2298;1744;Lomas De San Jose;1
2299;1744;Lomas De Yaravi;1
2300;1832;Lomas De Zamora;1
2301;1832;Lomas De Zamora Estafeta No.1;1
2302;1832;Lomas De Zamora Estafeta No.2;1
2303;1832;Lomas De Zamora Estafeta No.3;1
2304;1832;Lomas De Zamora Estafeta No.5;1
2305;1832;Lomas De Zamora Estafeta No.6;1
2306;1832;Lomas De Zamora Estefeta No.4;1
2307;1752;Lomas Del Mirador;1
2308;1752;Lomas Del Mirador Estafeta No.1;1
2309;1854;Longchamps;1
2310;1854;Longchamps Estafeta No.2;1
2311;7021;Lopez;1
2312;2903;Lopez Arias;1
2313;1617;Lopez Camelo;1
2314;8117;Lopez Lecube;1
2315;2718;Lopez Molinari;1
2316;7163;Lorrondo;1
2317;7609;Los Acantilados;1
2318;6075;Los Altos;1
2319;2743;Los Angeles;1
2320;1816;Los Aromos;1
2321;6018;Los Bosques;1
2322;6242;Los Caldenes;1
2323;6062;Los Callejones (Estacion Fcgm.);1
2324;2814;Los Cardales;1
2325;7620;Los Cardos;1
2326;7226;Los Cerrillos;1
2327;7635;Los Cerros;1
2328;6555;Los Coloniales;1
2329;7263;Los Cuatro Caminos;1
2330;6475;Los Chañares;1
2331;7116;Los Chilcos;1
2332;2903;Los Dos Amigos;1
2333;1895;Los Eucaliptos;1
2334;7220;Los Eucaliptus (Apeadero Fcgb.);1
2335;6343;Los Gauchos (Apeadero Fcdfs.);1
2336;1900;Los Hornos;1
2337;6015;Los Huesos;1
2338;6451;Los Indios (Curaru, Pdo. Carlos Tejedor);1
2339;2709;Los Indios (Pdo. Rojas);1
2340;6230;Los Laureles (Estacion Fcgb.);1
2341;1885;Los Manzanos;1
2342;1981;Los Marino;1
2343;1980;Los Merinos;1
2344;7503;Los Molles;1
2345;7601;Los Ortiz;1
2346;1716;Los Paraisos;1
2347;7603;Los Patos;1
2348;1667;Los Perales;1
2349;7623;Los Pinos (Pdo. Balcarce);1
2350;7412;Los Pinos (Voluntad, Pdo. Laprida);1
2351;1613;Los Polvorines;1
2352;1613;Los Polvorines Estafeta No.1;1
2353;1613;Los Polvorines Estafeta No.2;1
2354;8512;Los Pozos;1
2355;1621;Los Santos Viejos;1
2356;1623;Los Talas;1
2357;6015;Los Toldos;1
2358;6015;Los Toldos Estafeta No.1;1
2359;7545;Louge;1
2360;1741;Lozano;1
2361;6661;Lucas Monteverde;1
2362;1917;Luis Chico;1
2363;1838;Luis Guillon;1
2364;6700;Lujan;1
2365;6700;Lujan Estafeta No.1;1
2366;6700;Lujan Estafeta No.2;1
2367;6700;Lujan Estafeta No.3;1
2368;6700;Lujan Estafeta No.4;1
2369;7639;Lumb;1
2370;6439;Luro;1
2371;7169;Macedo;1
2372;7151;Magallanes;1
2373;6451;Magdala;1
2374;1913;Magdalena;1
2375;2718;Maguire;1
2376;7160;Maipu;1
2377;6443;Malabia;1
2378;7631;Malecon Gardella;1
2379;6661;Mamaguita;1
2380;2717;Manantiales Grandes;1
2381;2717;Manantiales (Acevedo, Pdo. Pergamino);1
2382;1667;Manuel Alberti (Apeadero Fcgb);1
2383;1897;Manuel B. Gonnet Estafeta No.1;1
2384;1897;Manuel B. Gonnet Estafeta No.2 Republica De Los Niños;1
2385;1897;Manuel B. Gonnet;1
2386;7116;Manuel J.Cobo;1
2387;3713;Manuel Ocampo;1
2388;1629;Manzanares;1
2389;2718;Manzo Y Niño;1
2390;1633;Manzone;1
2391;7633;Maori;1
2392;6557;Mapis;1
2393;1619;Maquinista Francisco Savio;1
2394;7165;Mar Azul;1
2395;7109;Mar De Ajo;1
2396;7109;Mar De Ajo Estafeta No.1;1
2397;7109;Mar De Ajo Estafeta No.2;1
2398;7109;Mar De Ajo Estafeta No.3;1
2399;7109;Mar De Ajo Estafeta No.4;1
2400;7167;Mar De Ostende;1
2401;7600;Mar Del Plata;1
2402;7600;Mar Del Plata Estafeta No.1;1
2403;7600;Mar Del Plata Estafeta No.10;1
2404;7600;Mar Del Plata Estafeta No.11;1
2405;7600;Mar Del Plata Estafeta No.12;1
2406;7600;Mar Del Plata Estafeta No.13;1
2407;7600;Mar Del Plata Estafeta No.14;1
2408;7600;Mar Del Plata Estafeta No.15;1
2409;7600;Mar Del Plata Estafeta No.16;1
2410;7600;Mar Del Plata Estafeta No.17;1
2411;7600;Mar Del Plata Estafeta No.18;1
2412;7600;Mar Del Plata Estafeta No.19;1
2413;7600;Mar Del Plata Estafeta No.2;1
2414;7600;Mar Del Plata Estafeta No.20;1
2415;7600;Mar Del Plata Estafeta No.21;1
2416;7600;Mar Del Plata Estafeta No.22;1
2417;7600;Mar Del Plata Estafeta No.23;1
2418;7600;Mar Del Plata Estafeta No.24;1
2419;7600;Mar Del Plata Estafeta No.25;1
2420;7600;Mar Del Plata Estafeta No.26;1
2421;7600;Mar Del Plata Estafeta No.27;1
2422;7600;Mar Del Plata Estafeta No.28;1
2423;7600;Mar Del Plata Estafeta No.29;1
2424;7600;Mar Del Plata Estafeta No.3;1
2425;7600;Mar Del Plata Estafeta No.30;1
2426;7600;Mar Del Plata Estafeta No.31;1
2427;7600;Mar Del Plata Estafeta No.32;1
2428;7600;Mar Del Plata Estafeta No.33;1
2429;7600;Mar Del Plata Estafeta No.34;1
2430;7600;Mar Del Plata Estafeta No.35;1
2431;7600;Mar Del Plata Estafeta No.36;1
2432;7600;Mar Del Plata Estafeta No.37;1
2433;7600;Mar Del Plata Estafeta No.38;1
2434;7600;Mar Del Plata Estafeta No.39;1
2435;7600;Mar Del Plata Estafeta No.4;1
2436;7600;Mar Del Plata Estafeta No.41;1
2437;7600;Mar Del Plata Estafeta No.42;1
2438;7600;Mar Del Plata Estafeta No.5;1
2439;7600;Mar Del Plata Estafeta No.6;1
2440;7600;Mar Del Plata Estafeta No.7;1
2441;7600;Mar Del Plata Estafeta No.8;1
2442;7600;Mar Del Plata Estafeta No.9;1
2443;7600;Mar Del Plata Sucursal No.1;1
2444;7600;Mar Del Plata Sucursal No.2;1
2445;7600;Mar Del Plata Sucursal No.3;1
2446;7600;Mar Del Plata Sucursal No.4;1
2447;7600;Mar Del Plata Sucursal No.5;1
2448;7607;Mar Del Sud;1
2449;7108;Mar Del Tuyu;1
2450;2741;Marcelino Ugarte;1
2451;1727;Marcos Paz;1
2452;6400;Mari Lauquen;1
2453;6400;Mari Lauquen;1
2454;7003;Maria Ignacia;1
2455;6467;Maria Lucila;1
2456;6337;Maria P. Moreno;1
2457;1723;Mariano Acosta;1
2458;2701;Mariano Benitez;1
2459;2718;Mariano H. Alfonso;1
2460;1706;Mariano J. Haedo;1
2461;1706;Mariano J. Haedo Estafeta No.1;1
2462;1706;Mariano J. Haedo;1
2463;7517;Mariano Roldan;1
2464;6708;Mariscal Sucre;1
2465;1846;Martin Arin;1
2466;6667;Martin Berraondo;1
2467;7201;Martin Colman;1
2468;1682;Martin Coronado;1
2469;7311;Martin Fierro (Chillar, Pdo.Azul);1
2470;6400;Martin Fierro (Pdo.Trenque Lauquen);1
2471;1640;Martinez;1
2472;6533;Martinez De Hoz;1
2473;1640;Martinez Estafeta No.2;1
2474;1640;Martinez Estafeta No.3;1
2475;1640;Martinez Estafeta No.4;1
2476;1640;Martinez Estafeta No.5;1
2477;1640;Martinez Estafeta No.6;1
2478;6451;Marucha (Estacion Fcgm);1
2479;8134;Mascota;1
2480;6438;Masurel;1
2481;1627;Matheu;1
2482;1627;Matheu;1
2483;6608;Mauenl Jose Gracia;1
2484;6531;Mauricio Hirsch;1
2485;6531;Mauricio Hirsch;1
2486;6645;Maximo Fernandez;1
2487;6645;Maximo Fernandez;1
2488;1812;Maximo Paz;1
2489;1812;Maximo Paz;1
2490;7519;Mayol;1
2491;7519;Mayol;1
2492;8146;Mayor Buratovich;1
2493;6053;Mayor Jose Orellano;1
2494;6343;Maza;1
2495;6648;Mecha;1
2496;6648;Mechita;1
2497;7605;Mechongue;1
2498;7169;Medaland;1
2499;7630;Medano Blanco;1
2500;8132;Medanos;1
2501;1903;Melchor Romero;1
2502;6748;Membrillar;1
2503;1649;Mendez Grande;1
2504;6600;Mercedes;1
2505;1763;Mercedes Benz;1
2506;6600;Mercedes Estafeta No.1;1
2507;6600;Mercedes Estafeta No.2;1
2508;6600;Mercedes Estafeta No.4;1
2509;6600;Mercedes Sucursal No.1;1
2510;6239;Meridiano Vº (Gonzalez Moreno, Pdo.Rivadavia);1
2511;1900;Meridiano Vº (La Plata, Pdo.La Plata);1
2512;1722;Merlo;1
2513;1722;Merlo Estafeta No.1;1
2514;1722;Merlo Estafeta No.2;1
2515;1722;Merlo Estafeta No.3;1
2516;1722;Merlo Estafeta No.4;1
2517;1722;Merlo Estafeta No.5;1
2518;1714;Merlo Gomez;1
2519;1744;Mi Barrio;1
2520;7507;Micaela Cascallares;1
2521;1650;Miguelete (Parada Fcgm);1
2522;1852;Ministro Rivadavia;1
2523;6403;Mira Pampa;1
2524;7607;Miramar;1
2525;7607;Miramar Estafeta No.1;1
2526;7607;Miramar Estafeta No.3;1
2527;7607;Miramar Sucursal No.1;1
2528;6550;Miramar (Bolivar, Pdo.Bolivar);1
2529;7214;Miramonte;1
2530;6531;Moctezuma;1
2531;7020;Molino Galileo;1
2532;6627;Moll;1
2533;7116;Monasterio;1
2534;6469;Mones Cazon;1
2535;2743;Monroe;1
2536;7119;Monsalvo;1
2537;1893;Montaraz;1
2538;7220;Monte;1
2539;7020;Monte Crespo;1
2540;1825;Monte Chingolo;1
2541;1825;Monte Chingolo Estafeta No.1;1
2542;1825;Monte Chingolo Estafeta No.2;1
2543;1825;Monte Chingolo Estafeta No.3;1
2544;1825;Monte Chingolo Estafeta No.4;1
2545;1825;Monte Chingolo Estafeta No.5;1
2546;1825;Monte Chingolo Estafeta No.6;1
2547;1825;Monte Chingolo Estafeta No.7;1
2548;8185;Monte Fiore;1
2549;1842;Monte Grande;1
2550;1842;Monte Grande Estafeta No.1;1
2551;1842;Monte Grande Estafeta No.2;1
2552;1842;Monte Grande Estafeta No.3;1
2553;1842;Monte Grande Estafeta No.4;1
2554;1842;Monte Grande Estafeta No.5;1
2555;1842;Monte Grande Estafeta No.6;1
2556;8153;Monte Hermoso;1
2557;8144;Monte La Plata;1
2558;1917;Monte Veloz;1
2559;1642;Monte Viejo;1
2560;8136;Montes De Oca;1
2561;6230;Moores;1
2562;6507;Morea;1
2563;1744;Moreno;1
2564;1744;Moreno Estafeta No.1;1
2565;1744;Moreno Estafeta No.10;1
2566;1744;Moreno Estafeta No.11;1
2567;1744;Moreno Estafeta No.2;1
2568;1744;Moreno Estafeta No.3;1
2569;1744;Moreno Estafeta No.4;1
2570;1744;Moreno Estafeta No.5;1
2571;1744;Moreno Estafeta No.6;1
2572;1744;Moreno Estafeta No.7;1
2573;1744;Moreno Estafeta No.8;1
2574;1744;Moreno Estafeta No.9;1
2575;1708;Moron;1
2576;1708;Moron Estafeta No.1;1
2577;1708;Moron Estafeta No.2;1
2578;1708;Moron Estafeta No.3;1
2579;1708;Moron Estafeta No.4;1
2580;1708;Moron Estafeta No.5;1
2581;1708;Moron Estafeta No.6;1
2582;6013;Morse;1
2583;6471;Mouras;1
2584;8111;Muelle Puerto Belgrano;1
2585;6501;Mulcahy;1
2586;1663;Muñiz;1
2587;7404;Muñoz;1
2588;1605;Munro;1
2589;1605;Munro Estafeta No.2;1
2590;2909;Mutti;1
2591;7613;Nahuel Ruca;1
2592;7007;Napaleofu;1
2593;7122;Naposta;1
2594;7212;Naranja;1
2595;6605;Navarro;1
2596;7630;Necochea;1
2597;7630;Necochea Estafeta Nº1;1
2598;7630;Necochea Estafeta Nº10;1
2599;7630;Necochea Estafeta Nº11;1
2600;7630;Necochea Estafeta Nº12;1
2601;7630;Necochea Estafeta Nº13;1
2602;7630;Necochea Estafeta Nº14;1
2603;7630;Necochea Estafeta Nº15;1
2604;7630;Necochea Estafeta Nº16;1
2605;7630;Necochea Estafeta Nº2;1
2606;7630;Necochea Estafeta Nº3;1
2607;7630;Necochea Estafeta Nº4;1
2608;7630;Necochea Estafeta Nº5;1
2609;7630;Necochea Estafeta Nº6;1
2610;7630;Necochea Estafeta Nº7;1
2611;7630;Necochea Estafeta Nº8;1
2612;7630;Necochea Estafeta Nº9;1
2613;7630;Necochea Sucursal Nº1;1
2614;6077;Necol (Estacion Fcgm);1
2615;7223;Newton;1
2616;7637;Nicanor Olivera;1
2617;8151;Nicolas Descalzi;1
2618;7134;Nicolas Levalle;1
2619;7316;Nieves;1
2620;6663;Norberto De La Riestra;1
2621;6553;Nueva España;1
2622;1907;Nueva Hermosura;1
2623;6451;Nueva Plata;1
2624;8117;Nueva Roma;1
2625;6077;Nueva Suiza (Estacion Fcgm);1
2626;1648;Nuevo Puerto Tigre;1
2627;7521;Ochandio;1
2628;6652;Olascoaga;1
2629;7400;Olavarria;1
2630;7400;Olavarria Estafeta Nº1;1
2631;7400;Olavarria Estafeta Nº2;1
2632;7400;Olavarria Estafeta Nº3;1
2633;7400;Olavarria Estafeta Nº4;1
2634;7400;Olavarria Estafeta Nº5;1
2635;7400;Olavarria Estafeta Nº6;1
2636;1981;Oliden;1
2637;2931;Oliveira Cezar;1
2638;6608;Olivera;1
2639;1636;Olivos;1
2640;1636;Olivos Estafeta Nº1;1
2641;1636;Olivos Estafeta Nº2;1
2642;1636;Olivos Estafeta Nº3;1
2643;7545;Ombu;1
2644;7142;Ombucta;1
2645;6708;Open Door;1
2646;6537;Ordoqui;1
2647;7503;Orense;1
2648;7509;Oriente;1
2649;2812;Orlando (Apeadero Fcgu);1
2650;2703;Ortiz Basualdo;1
2651;6660;Ortiz De Rosas;1
2652;7167;Ostende;1
2653;2802;Otamendi;1
2654;7545;Otoño (Estacion Fcgr);1
2655;6748;O'Higgins;1
2656;1657;Pablo Podesta;1
2657;1657;Pablo Podesta Estafeta Nº1;1
2658;7020;Pachan;1
2659;6640;Palantelen;1
2660;6628;Palemon Huergo;1
2661;7221;Palmitas;1
2662;1923;Palo Blanco;1
2663;2931;Paname;1
2664;1921;Pancho Diaz;1
2665;6411;Papin;1
2666;2935;Parada Kilometro 158;1
2667;1739;Parada Kilometro 62;1
2668;1739;Parada Kilometro 76;1
2669;1834;Parada Pasco;1
2670;6703;Parada Robles;1
2671;6725;Parada Tatay;1
2672;7412;Paraguil;1
2673;1903;Paraje 19 De Noviembre;1
2674;1903;Paraje El Peligroso;1
2675;1901;Paraje Hornos De Serrano;1
2676;8158;Paraje La Aurora;1
2677;7112;Paraje La Isabel;1
2678;2711;Paraje Santa Rosa;1
2679;1915;Paraje Starache;1
2680;1649;Parana Mini;1
2681;7212;Pardo;1
2682;7316;Parish;1
2683;1663;Parque El Cortijo;1
2684;1744;Parque Gaona;1
2685;1713;Parque Leloir;1
2686;1832;Parque Mitre;1
2687;7020;Parque Muñoz;1
2688;1617;Parque San Lorenzo;1
2689;1722;Parque San Martin (Pdo. Merlo);1
2690;1763;Parque San Martin (Virrey Del Pino, Pdo. La Matanza);1
2691;1713;Parque Sumampa;1
2692;7114;Parque Taillade;1
2693;7100;Parravicini;1
2694;1834;Pasco (Apeadero Fcgb);1
2695;7547;Pasman;1
2696;7142;Paso Alsina;1
2697;8134;Paso Cramer;1
2698;7511;Paso Del Medano;1
2699;1742;Paso Del Rey;1
2700;1742;Paso Del Rey Estafeta Nº1;1
2701;8504;Paso Lucero;1
2702;8115;Paso Mayor;1
2703;7163;Pasos;1
2704;6077;Pasteur;1
2705;8504;Patagones;1
2706;6503;Patricios;1
2707;6557;Paula;1
2708;2812;Pavon;1
2709;1649;Pay Carabi;1
2710;6058;Pazos Kanki;1
2711;2711;Pearson;1
2712;6665;Pedernales;1
2713;6451;Pedro Gamen;1
2714;8148;Pedro Luro;1
2715;7135;Pedro Nicolas Escribano;1
2716;7515;Pedro P. Lassalle;1
2717;6450;Pehuajo;1
2718;6450;Pehuajo Estafeta Nº1;1
2719;6450;Pehuajo Estafeta Nº2;1
2720;6409;Pehuelches;1
2721;8109;Pehuen Co;1
2722;8117;Pelicura;1
2723;6346;Pellegrini;1
2724;7225;Peñaflor;1
2725;7530;Peralta;1
2726;1686;Pereyra (Hurlingham, Pdo. 3 De Febrero);1
2727;1894;Pereyra (Pdo. Berazategui);1
2728;2933;Perez Millan;1
2729;2700;Pergamino;1
2730;2700;Pergamino Estafeta Nº1;1
2731;2700;Pergamino Estafeta Nº10;1
2732;2700;Pergamino Estafeta Nº11;1
2733;2700;Pergamino Estafeta Nº2;1
2734;2700;Pergamino Estafeta Nº3;1
2735;2700;Pergamino Estafeta Nº4;1
2736;2700;Pergamino Estafeta Nº5;1
2737;2700;Pergamino Estafeta Nº6;1
2738;2700;Pergamino Estafeta Nº7;1
2739;2700;Pergamino Estafeta Nº8;1
2740;2700;Pergamino Estafeta Nº9;1
2741;8185;Phillippon;1
2742;6051;Pichincha;1
2743;8117;Piedra Ancha (Desvio);1
2744;8117;Piedra Echada (Apeadero Fcgr);1
2745;6241;Piedritas;1
2746;7633;Pieres;1
2747;7517;Pierini;1
2748;8170;Pigue;1
2749;7116;Pila;1
2750;1629;Pilar;1
2751;7530;Pillahuinco;1
2752;7167;Pinamar;1
2753;7167;Pinamar Estafeta Nº1;1
2754;7167;Pinamar Estafeta Nº2;1
2755;7167;Pinamar Estafeta Nº3;1
2756;7167;Pinamar Estafeta Nº4;1
2757;7167;Pinamar Estafeta Nº5;1
2758;1921;Piñero (Desvio Particular Fcgr);1
2759;1665;Piñero (Estacion Fcgu);1
2760;7548;Piñeyro (Pdo. Cnel. Suarez);1
2761;1870;Piñeyro (Pdo. De Avellaneda);1
2762;2703;Pinzon;1
2763;1921;Pipinas;1
2764;1931;Piria;1
2765;6551;Pirovano;1
2766;2705;Piruco;1
2767;6634;Pla;1
2768;7607;Pla Y Rognoni;1
2769;1885;Platanos;1
2770;7609;Playa Chapadmalal;1
2771;7109;Playa Las Margaritas;1
2772;7111;Playa San Bernardo Estafeta Nº1 (Mun. Urbano De La Costa);1
2773;7111;Playa San Bernardo (Municipio Urbano De La Costa);1
2774;7609;Playa Serena;1
2775;7201;Plaza Montero;1
2776;1733;Plomer;1
2777;2703;Plumacho;1
2778;1905;Poblet;1
2779;6430;Pocito;1
2780;7267;Polvaredas;1
2781;7535;Pontaut;1
2782;1761;Pontevedra;1
2783;6063;Porvenir;1
2784;1865;Posta De Oyhanart;1
2785;7404;Pourtale;1
2786;8504;Pozo Crespo;1
2787;6231;Pradere;1
2788;1635;Presidente Derqui;1
2789;6621;Presidente Quintana;1
2790;6422;Primera Junta;1
2791;8180;Puan;1
2792;6661;Pueblitos;1
2793;7511;Pueblo Balneario Reta;1
2794;6533;Pueblo Martinez De Hoz;1
2795;1748;Pueblo Nuevo (Gral. Rodriguez, Pdo. Gral. Rodriguez);1
2796;1885;Pueblo Nuevo (Guillermo E. Hudson, Pdo. Berazategui);1
2797;6000;Pueblo Nuevo (Junin, Pdo. Junin);1
2798;7400;Pueblo Nuevo (Olavarria, Pdo. Olavarria);1
2799;2700;Pueblo Otero;1
2800;7600;Pueblo Peralta Ramos Oeste;1
2801;7541;Pueblo San Jose;1
2802;7541;Pueblo Santa Maria;1
2803;7541;Pueblo Santa Trinidad;1
2804;1885;Pueblo Viejo;1
2805;6476;Pueblo Villa San Esteban;1
2806;6620;Puente Batalla;1
2807;2740;Puente Cañete;1
2808;2760;Puente Castex;1
2809;7225;Puente El Ochenta;1
2810;1763;Puente Ezcurra;1
2811;8115;Puente Las Oscuras;1
2812;1602;Puente Saavedra;1
2813;8103;Puerto Bahia Blanca;1
2814;8111;Puerto Belgrano;1
2815;8142;Puerto Coloma;1
2816;8000;Puerto Galvan;1
2817;1925;Puerto La Plata;1
2818;7630;Puerto Necochea;1
2819;2931;Puerto Obligado;1
2820;7631;Puerto Quequen;1
2821;8111;Puerto Rosales;1
2822;2900;Puerto San Nicolas;1
2823;8508;Puerto Tres Bonetes;1
2824;8506;Puerto Wassermann;1
2825;2763;Puesto Del Medio;1
2826;2907;Pujol;1
2827;8109;Punta Alta;1
2828;8109;Punta Alta Estafeta Nº1;1
2829;1623;Punta De Canal (Apeadero Fcgm);1
2830;1917;Punta Indio;1
2831;1931;Punta Lara;1
2832;7109;Punta Medanos;1
2833;7600;Punta Mogotes;1
2834;8504;Punta Rasa;1
2835;8504;Punta Rubia;1
2836;6335;Quenuma;1
2837;7631;Quequen;1
2838;7631;Quequen Estafeta Nº1;1
2839;7631;Quequen Estafeta Nº2;1
2840;7631;Quequen Estafeta Nº3;1
2841;7631;Quequen Estafeta Nº4;1
2842;7631;Quequen Estafeta Nº5;1
2843;1778;Querandi;1
2844;7406;Quilco (Estacion Fcgr);1
2845;1878;Quilmes;1
2846;1878;Quilmes Estafeta Nº1;1
2847;1878;Quilmes Estafeta Nº2;1
2848;1878;Quilmes Estafeta Nº3;1
2849;1878;Quilmes Estafeta Nº4;1
2850;1878;Quilmes Estafeta Nº5;1
2851;1878;Quilmes Estafeta Nº6;1
2852;1879;Quilmes Oeste;1
2853;1879;Quilmes Oeste Estafeta Nº1;1
2854;1879;Quilmes Oeste Estafeta Nº5;1
2855;1879;Quilmes Oeste Estafeta Nº6;1
2856;7533;Quiñihual;1
2857;6018;Quirno Costa;1
2858;6533;Quiroga;1
2859;8146;Radiofaro El Rincon;1
2860;1847;Rafael Calzada;1
2861;1847;Rafael Calzada Estafeta Nº1;1
2862;1755;Rafael Castillo;1
2863;1755;Rafael Castillo Estafeta Nº1;1
2864;1755;Rafael Castillo Estafeta Nº2;1
2865;6001;Rafael Obligado;1
2866;2915;Ramallo;1
2867;6627;Ramon Biaus;1
2868;6533;Ramon J. Neild;1
2869;7641;Ramon Santamarina;1
2870;1704;Ramos Mejia;1
2871;1704;Ramos Mejia Estafeta Nº1;1
2872;1704;Ramos Mejia Estafeta Nº2;1
2873;7621;Ramos Otero;1
2874;2701;Rancagua;1
2875;1987;Ranchos;1
2876;1886;Ranelagh;1
2877;1886;Ranelagh Estafeta Nº1;1
2878;7203;Rauch;1
2879;7530;Raulet;1
2880;6734;Rawson;1
2881;7225;Real Audiencia;1
2882;6559;Recalde;1
2883;1649;Recreo El Marques;1
2884;1896;Recreo Venecia;1
2885;6533;Reginaldo J. Neild;1
2886;1826;Remedios De Escalada;1
2887;1826;Remedios De Escalada Estafeta Nº1;1
2888;1826;Remedios De Escalada Estafeta Nº2;1
2889;1826;Remedios De Escalada Estafeta Nº3;1
2890;1826;Remedios De Escalada Estafeta Nº4;1
2891;1931;Remolcador Guarani (Apeadero Fcgr);1
2892;7307;Requena;1
2893;7536;Reserva;1
2894;7511;Reta;1
2895;2752;Retiro San Pablo;1
2896;7313;Ricardo Gaviña;1
2897;7621;Rincon De Baudrix;1
2898;7101;Rincon De Lopez;1
2899;1921;Rincon De Noario;1
2900;7225;Rincon De Vivot;1
2901;1625;Rincon Del Cazador;1
2902;1901;Ringuelet;1
2903;1744;Rio Alegre De Cascallares;1
2904;1649;Rio Barca Grande;1
2905;1649;Rio Capitan;1
2906;1649;Rio Carabelas;1
2907;1649;Rio Carapachay;1
2908;1886;Rio Encantado;1
2909;2802;Rio Lujan (Pdo. Campana);1
2910;1649;Rio Lujan (Tigre, Pdo. Tigre);1
2911;1649;Rio Parana De Las Palmas;1
2912;1647;Rio Parana Guazu;1
2913;1649;Rio Parana Mini;1
2914;1649;Rio San Antonio;1
2915;1649;Rio Sarmiento;1
2916;2944;Rio Tala;1
2917;1649;Rio Tigre;1
2918;6237;Rivadavia;1
2919;8127;Rivadeo;1
2920;6614;Rivas;1
2921;6441;Rivera;1
2922;2703;Roberto Cano;1
2923;1915;Roberto Payro;1
2924;6075;Roberts;1
2925;7404;Rocha;1
2926;2705;Rojas;1
2927;2705;Rojas Estafeta Nº1;1
2928;6430;Rolito (Estacion Fcgb);1
2929;6612;Roman Baez;1
2930;1665;Roosevelt (Jose C. Paz, Pdo. Gral. Sarmiento);1
2931;6403;Roosevelt (Pdo. Rivadavia);1
2932;7245;Roque Perez;1
2933;7205;Rosas;1
2934;6450;Rovira;1
2935;1686;Ruben Dario (Escacion Fcgu);1
2936;1900;Rufino De Elizalde;1
2937;1907;Ruta 11 Kilometro 23;1
2938;1888;Ruta 2 Kilometro 24,600 Al 28;1
2939;1889;Ruta 2 Kilometro 28,100 Al 30,900;1
2940;1889;Ruta 2 Kilometro 31 Al 31,900;1
2941;1890;Ruta 2 Kilometro 32 Al 36,900;1
2942;1893;Ruta 2 Kilometro 37 Al 45,900;1
2943;1893;Ruta 2 Kilometro 44,500;1
2944;1903;Ruta 2 Kilometro 46 Al 55,900;1
2945;1901;Ruta 2 Kilometro 56 Al 64;1
2946;1723;Ruta 200 Kilometro 38;1
2947;1804;Ruta 205 Kilometro 32,500;1
2948;1816;Ruta 205 Kilometro 57;1
2949;1619;Ruta 26 Kilometro 48;1
2950;1619;Ruta 26 Maquinista Francisco Savio;1
2951;1759;Ruta 3 Kilometro 27 Al 29,500;1
2952;1759;Ruta 3 Kilometro 29;1
2953;1759;Ruta 3 Kilometro 29,600 Al 32,900;1
2954;1763;Ruta 3 Kilometro 33 Al 38;1
2955;1763;Ruta 3 Kilometro 38,100 Al 47;1
2956;1816;Ruta 3 Kilometro 75,500;1
2957;1657;Ruta 8 Kilometro 19,500 Al 22,800;1
2958;1667;Ruta 8 Kilometro 37,500 Al 41;1
2959;1669;Ruta 8 Kilometro 41,100 Al 46;1
2960;1669;Ruta 8 Kilometro 47;1
2961;6703;Ruta 8 Kilometro 77;1
2962;2930;Ruta 9 Kilometro 169,5;1
2963;2804;Ruta 9 Kilometro 72;1
2964;8174;Saavedra;1
2965;1674;Saenz Peña;1
2966;6022;Saforcada;1
2967;7163;Salada Chica;1
2968;7163;Salada Grande;1
2969;7260;Saladillo;1
2970;7260;Saladillo Estafeta Nº1;1
2971;7261;Saladillo Norte;1
2972;6064;Salale;1
2973;6471;Salazar;1
2974;8166;Saldungaray;1
2975;8506;Salina De Piedra;1
2976;8134;Salinas Chicas;1
2977;2741;Salto;1
2978;2741;Salto Estafeta Nº1;1
2979;7241;Salvador Maria;1
2980;6339;Salliquelo;1
2981;1980;Samborombon;1
2982;8142;San Adolfo;1
2983;7623;San Agustin;1
2984;7503;San Alberto;1
2985;1651;San Andres;1
2986;6720;San Andres De Giles;1
2987;7305;San Andres De Tapalque;1
2988;2760;San Antonio De Areco;1
2989;1718;San Antonio De Padua;1
2990;8185;San Antonio (Esteban A. Gascon, Pdo. Adolfo Alsina);1
2991;7116;San Antonio (Pila, Pdo. Pila);1
2992;7261;San Benito;1
2993;7111;San Bernardo (Partido De La Costa);1
2994;6561;San Bernardo (Pdo. Tapalque);1
2995;7011;San Cala;1
2996;6451;San Carlos (Curaru, Pdo. Carlos Tejedor);1
2997;7521;San Cayetano;1
2998;7105;San Clemente Del Tuyu;1
2999;7105;San Clemente Del Tuyu Estafeta Nº3;1
3000;7603;San Cornelio;1
3001;7116;San Daniel;1
3002;6601;San Eladio;1
3003;8136;San Emilio (Algarrobo, Pdo.Villarino);1
3004;6017;San Emilio (Pdo. Gral. Viamonte);1
3005;6661;San Enrique (Pdo. 25 De Mayo);1
3006;7116;San Enrique (Pila, Pdo.Pila);1
3007;6725;San Ernesto;1
3008;2711;San Federico;1
3009;7603;San Felipe;1
3010;6417;San Fermin;1
3011;1646;San Fernando;1
3012;1646;San Fernando Estafeta Nº1;1
3013;1646;San Fernando Estafeta Nº2;1
3014;1646;San Fernando Estafeta Nº3;1
3015;1646;San Fernando Estafeta Nº4;1
3016;1646;San Fernando Estafeta Nº5;1
3017;7505;San Francisco De Bellocq;1
3018;1881;San Francisco Solano;1
3019;1881;San Francisco Solano Estafeta Nº1;1
3020;1881;San Francisco Solano Estafeta Nº2;1
3021;1881;San Francisco Solano Estafeta Nº3;1
3022;1881;San Francisco Solano Estafeta Nº4;1
3023;1881;San Francisco Solano Estafeta Nº5;1
3024;8124;San German;1
3025;7305;San Gervasio;1
3026;7151;San Ignacio;1
3027;1642;San Isidro;1
3028;1642;San Isidro Estafeta Nº1;1
3029;1642;San Isidro Estafeta Nº2;1
3030;1642;San Isidro Estafeta Nº3;1
3031;1642;San Isidro Estafeta Nº4;1
3032;1642;San Isidro Estafeta Nº5;1
3033;1642;San Isidro Estafeta Nº6;1
3034;7400;San Jacinto (Olavarria, Pdo. Olavarria);1
3035;6600;San Jacinto (Pdo. Mercedes);1
3036;7404;San Jorge;1
3037;7114;San Jose De Gali;1
3038;7109;San Jose De Los Quinteros;1
3039;7601;San Jose De Otamendi;1
3040;8136;San Jose (Algarrobo, Pdo. Puan);1
3041;6643;San Jose (Baudrix, Pdo. Alberti);1
3042;6665;San Jose (Ernestina, Pdo. 25 De Mayo);1
3043;7635;San Jose (Pdo. Necochea);1
3044;7541;San Jose (Pueblo San Jose, Pdo. Coronel Suarez);1
3045;6530;San Juan De Nelson;1
3046;6500;San Juan (9 De Julio, Pdo. 9 De Julio);1
3047;7401;San Juan (Santa Luisa, Pdo. Olavarria);1
3048;2754;San Juan (Viña, Pdo.Pergamino);1
3049;7613;San Julian;1
3050;1754;San Justo;1
3051;7150;San Laureano;1
3052;7007;San Manuel;1
3053;7164;San Martin De Tours;1
3054;1650;San Martin (Pdo. Gral. San Martin);1
3055;6239;San Mauricio;1
3056;7519;San Mayol;1
3057;1663;San Miguel;1
3058;8185;San Miguel Arcangel;1
3059;7631;San Miguel Del Moro;1
3060;1663;San Miguel Estafeta Nº1;1
3061;1663;San Miguel Estafeta Nº2;1
3062;1663;San Miguel Estafeta Nº3;1
3063;1663;San Miguel Estafeta Nº4;1
3064;1663;San Miguel Estafeta Nº5;1
3065;1663;San Miguel Estafeta Nº6;1
3066;1663;San Miguel Estafeta Nº7;1
3067;2900;San Nicolas;1
3068;2900;San Nicolas Estafeta Nº1;1
3069;2900;San Nicolas Estafeta Nº10;1
3070;2900;San Nicolas Estafeta Nº2;1
3071;2900;San Nicolas Estafeta Nº3;1
3072;2900;San Nicolas Estafeta Nº4;1
3073;2900;San Nicolas Estafeta Nº5;1
3074;2900;San Nicolas Estafeta Nº6;1
3075;2900;San Nicolas Estafeta Nº7;1
3076;2900;San Nicolas Estafeta Nº8;1
3077;2900;San Nicolas Estafeta Nº9;1
3078;2900;San Nicolas Sucursal Nº1;1
3079;7007;San Pascual;1
3080;6734;San Patricio;1
3081;2930;San Pedro;1
3082;2930;San Pedro Estafeta Nº1;1
3083;1903;San Ponciano;1
3084;7311;San Ramon De Anchorena;1
3085;6424;San Ramon (Berutti, Pdo. Trenque Lauquen);1
3086;2754;San Ramon (Viña, Pdo. Pergamino);1
3087;8154;San Roman;1
3088;6017;San Roque;1
3089;6623;San Sebastian;1
3090;7521;San Severo;1
3091;7621;San Simon;1
3092;7613;San Valentin;1
3093;1865;San Vicente;1
3094;2912;Sanchez;1
3095;7406;Sanquilco;1
3096;6233;Sansinena;1
3097;7243;Santa Alicia;1
3098;7503;Santa Catalina (Cristiano Muerto, Pdo. San Cayetano);1
3099;1836;Santa Catalina (Estacion Fcdfs, Llavallol, Pdo. L.De Zamora);1
3100;6463;Santa Cecilia Centro;1
3101;6472;Santa Cecilia Norte;1
3102;6450;Santa Cecilia Sud;1
3103;7609;Santa Clara Del Mar;1
3104;7406;Santa Clementina;1
3105;2761;Santa Coloma;1
3106;6700;Santa Elena (Lujan, Pdo. Lujan);1
3107;7414;Santa Elena (Pdo. Laprida);1
3108;7609;Santa Elena (Santa Clara Del Mar, Pdo. Mar Chiquita);1
3109;6241;Santa Eleodora;1
3110;7243;Santa Felisa;1
3111;6471;Santa Ines (La Carreta, Pdo. Trenque Lauquen);1
3112;6459;Santa Ines (Pdo. Carlos Tejedor);1
3113;6550;Santa Isabel (Bolivar, Pdo.Gral.Alvear);1
3114;7605;Santa Isabel (Chapadmalal, Pdo.Gral.Pueyrredon);1
3115;1881;Santa Isabel (San Francisco Solano, Pdo.Quilmes);1
3116;2935;Santa Lucia;1
3117;7401;Santa Luisa;1
3118;6071;Santa Maria;1
3119;6535;Santa Maria De Bellocq;1
3120;1832;Santa Marta;1
3121;6105;Santa Regina;1
3122;6437;Santa Rita (Alamos, Pdo. Guamini);1
3123;2700;Santa Rita (Pergamino, Pdo. Pergamino);1
3124;7303;Santa Rosa;1
3125;7212;Santa Rosa De Minellono;1
3126;7163;Santa Teresa (Gral. Madariaga, Pdo. Gral. Lavalle);1
3127;2912;Santa Teresa (Sanchez, Pdo.Ramallo);1
3128;7107;Santa Teresita;1
3129;7107;Santa Teresita Estafeta Nº1;1
3130;7107;Santa Teresita Estafeta Nº2;1
3131;2701;Santa Teresita Pergamino;1
3132;6660;Santiago Garbarini;1
3133;7245;Santiago Larre;1
3134;7119;Santo Domingo;1
3135;6530;Santo Tomas;1
3136;6538;Santo Tomas Chico;1
3137;3403;Santos Lugares;1
3138;1688;Santos Tesei;1
3139;6507;Santos Unzue;1
3140;1872;Sarandi;1
3141;1872;Sarandi Estafeta Nº1;1
3142;2721;Sarasa;1
3143;1661;Sargento Barruffaldi (Paradero Fcgu);1
3144;1900;Sarrat (Parada);1
3145;6417;Saturno;1
3146;7540;Sauce Corto;1
3147;8105;Sauce Chico;1
3148;8150;Sauce Grande;1
3149;6030;Sauzales;1
3150;7119;Segurola;1
3151;6600;Seminario Pio Xii;1
3152;7101;Sevigne;1
3153;7316;Shaw;1
3154;7401;Sierra Chica;1
3155;8168;Sierra De La Ventana;1
3156;7601;Sierra De Los Padres;1
3157;7403;Sierras Bayas;1
3158;6531;Smith;1
3159;7243;Sol De Mayo (Pdo. Navarro);1
3160;2709;Sol De Mayo (Pdo. Rojas);1
3161;1611;Solana Del Monte;1
3162;7151;Solanet;1
3163;2764;Solis;1
3164;1741;Speratti;1
3165;7163;Speroni;1
3166;8103;Spurr;1
3167;7536;Stegman;1
3168;6508;Stroeder;1
3169;6708;Sucre;1
3170;6612;Suipacha;1
3171;6401;Sunblad;1
3172;1766;Tablada;1
3173;1766;Tablada Estafeta Nº2;1
3174;2743;Tacuari;1
3175;7114;Taillade;1
3176;7633;Tamangueyu;1
3177;2700;Tambo Nuevo;1
3178;7000;Tandil;1
3179;7000;Tandil Estafeta Nº1;1
3180;7000;Tandil Estafeta Nº2;1
3181;7000;Tandil Estafeta Nº3;1
3182;7000;Tandil Estafeta Nº4;1
3183;7000;Tandil Estafeta Nº5;1
3184;7303;Tapalque;1
3185;1770;Tapiales;1
3186;6721;Tatay;1
3187;7021;Tedin Uriburu;1
3188;7530;Tejo (Galera);1
3189;1834;Temperley;1
3190;1834;Temperley Estafeta Nº1;1
3191;1834;Temperley Estafeta Nº2;1
3192;1834;Temperley Estafeta Nº3;1
3193;1834;Temperley Estafeta Nº6;1
3194;1834;Temperley Estafeta Nº7;1
3195;1661;Teniente Agneta (Apeadero Fcgu);1
3196;7401;Teniente Coronel Miñana;1
3197;1661;Teniente Gral. Ricchieri;1
3198;8144;Teniente Origone;1
3199;1688;Tesei;1
3200;6343;Thames;1
3201;1648;Tigre;1
3202;1648;Tigre Estafeta Nº1;1
3203;1648;Tigre Estafeta Nº2;1
3204;6457;Timote;1
3205;6457;Timote Estafeta Nº1;1
3206;7163;Tio Domingo;1
3207;2754;Todd;1
3208;7267;Toldos Viejos;1
3209;1900;Tolosa;1
3210;1900;Tolosa Este;1
3211;6601;Tomas Jofre;1
3212;1633;Tomas Santa Coloma (Apeadero Fcgu);1
3213;7101;Tordillo;1
3214;8160;Tornquist;1
3215;1635;Toro;1
3216;6703;Torres;1
3217;1667;Tortuguitas;1
3218;6400;Trenque Lauquen;1
3219;6400;Trenque Lauquen Estafeta Nº1;1
3220;6231;Tres Algarrobos;1
3221;7500;Tres Arroyos;1
3222;7500;Tres Arroyos Estafeta Nº1;1
3223;7500;Tres Arroyos Estafeta Nº2;1
3224;7500;Tres Arroyos Estafeta Nº3;1
3225;1649;Tres Bocas;1
3226;8183;Tres Cuervos;1
3227;6443;Tres Lagunas;1
3228;6409;Tres Lomas;1
3229;8162;Tres Picos;1
3230;6727;Tres Sargentos;1
3231;6053;Trigales;1
3232;1806;Tristan Suarez;1
3233;6071;Triunvirato;1
3234;6407;Tronge;1
3235;6501;Tropezon (Pdo. 9 De Julio);1
3236;1664;Trujui;1
3237;1834;Turdera;1
3238;6721;Tuyuti;1
3239;7151;Udaquiola;1
3240;7609;Unidad Turistica Miramar;1
3241;1804;Union Ferroviaria;1
3242;1657;Union Tranviarios;1
3243;6551;Unzue;1
3244;6553;Urdampilleta;1
3245;1815;Uribelarrea;1
3246;2718;Urquiza;1
3247;2701;Usina Aguas Corrientes;1
3248;2764;Vagues;1
3249;6667;Valdez;1
3250;1822;Valentin Alsina;1
3251;1822;Valentin Alsina Estafeta Nº1;1
3252;1822;Valentin Alsina Estafeta Nº2;1
3253;6401;Valentin Gomez;1
3254;7630;Valenzuela Anton;1
3255;7167;Valeria De Mar;1
3256;6557;Vallimanca;1
3257;7301;Vaña;1
3258;7519;Vasquez;1
3259;7118;Vecino;1
3260;6030;Vedia;1
3261;7003;Vela;1
3262;7305;Velloso;1
3263;8117;Venancio;1
3264;7135;Vergara;1
3265;1917;Veronica;1
3266;8180;Viboras;1
3267;7612;Vivorata;1
3268;1611;Vicealmirante E. Montes;1
3269;1808;Vicente Casares;1
3270;1638;Vicente Lopez;1
3271;7300;Vicente Pereda;1
3272;1644;Victoria;1
3273;6411;Victorino De La Plaza;1
3274;1915;Vieytes;1
3275;7208;Vilela;1
3276;1657;Villa 11 De Septiembre;1
3277;1607;Villa Adelina;1
3278;1607;Villa Adelina Estafeta Nº1;1
3279;1607;Villa Adelina Estafeta Nº2;1
3280;1607;Villa Adelina Estafeta Nº3;1
3281;1607;Villa Adelina Estafeta Nº4;1
3282;1816;Villa Adriana;1
3283;1629;Villa Agueda;1
3284;1900;Villa Alba;1
3285;1628;Villa Albertina;1
3286;1925;Villa Albino;1
3287;6471;Villa Aldeanita;1
3288;2800;Villa Angus;1
3289;1888;Villa Argentina (Florencio Varela, Pdo. Florencio Varela);1
3290;1878;Villa Argentina (Quilmes, Pdo.Quilmes);1
3291;1878;Villa Augusta;1
3292;1888;Villa Aurora;1
3293;1923;Villa Azul;1
3294;1653;Villa Ballester;1
3295;1653;Villa Ballester Estafeta Nº1;1
3296;1653;Villa Ballester Estafeta Nº2;1
3297;1653;Villa Ballester Estafeta Nº3;1
3298;1653;Villa Ballester Estafeta Nº4;1
3299;1682;Villa Barbosa;1
3300;1825;Villa Barcelo;1
3301;1874;Villa Barilari;1
3302;1665;Villa Barrio Altube;1
3303;1832;Villa Barrio Arca;1
3304;1832;Villa Barrio Laprida;1
3305;7540;Villa Belgrano (Cnel. Suarez, Pdo. Cnel. Suarez);1
3306;6000;Villa Belgrano (Junin, Pdo.Junin);1
3307;1828;Villa Benquez;1
3308;1650;Villa Bernardo Monteagudo;1
3309;1825;Villa Besada;1
3310;1650;Villa Billnghurst;1
3311;1650;Villa Bonich;1
3312;1650;Villa Bonich Estafeta Nº1;1
3313;1682;Villa Bosch;1
3314;6471;Villa Branda;1
3315;1888;Villa Brown;1
3316;8000;Villa Buenos Aires;1
3317;1629;Villa Buide;1
3318;1826;Villa Cabral;1
3319;7005;Villa Cacique;1
3320;1847;Villa Calzada;1
3321;1822;Villa Caraza;1
3322;6555;Villa Carola;1
3323;7505;Villa Carucha;1
3324;1870;Villa Castellino;1
3325;1925;Villa Catela;1
3326;1772;Villa Celina;1
3327;1772;Villa Celina Estafeta Nº1;1
3328;1772;Villa Celina Estafeta Nº2;1
3329;1828;Villa Centenario (Pdo. Lomas De Zamora);1
3330;2700;Villa Centenario (Pergamino, Pdo. Pergamino);1
3331;8000;Villa Cerrito;1
3332;1657;Villa Ciudad Jardin El Libertador;1
3333;1684;Villa Ciudad Jardin Lomas Del Palomar;1
3334;1886;Villa Clara;1
3335;1651;Villa Concepcion;1
3336;7607;Villa Copacabana;1
3337;1874;Villa Corina;1
3338;1650;Villa Chacabuco;1
3339;2718;Villa Dafonte;1
3340;1714;Villa De Las Naciones;1
3341;1613;Villa De Mayo;1
3342;1669;Villa Del Carmen (Del Viso, Pdo. Gral. Sarmiento);1
3343;1646;Villa Del Carmen (San Fernando, Pdo. San Fernando);1
3344;8109;Villa Del Mar;1
3345;1888;Villa Del Plata;1
3346;8000;Villa Delfina;1
3347;2930;Villa Depietri;1
3348;1925;Villa Detry;1
3349;1878;Villa Deya;1
3350;1822;Villa Diamante;1
3351;6500;Villa Diamantina;1
3352;7630;Villa Diaz Velez;1
3353;8000;Villa Domingo Pronsato;1
3354;1874;Villa Dominico;1
3355;1874;Villa Dominico Estafeta Nº1;1
3356;1874;Villa Dominico Estafeta Nº2;1
3357;1704;Villa Don Bosco;1
3358;1759;Villa Dorrego;1
3359;1828;Villa Economia;1
3360;1870;Villa Echenagucia;1
3361;1826;Villa Eden Argentino;1
3362;1878;Villa Elena (Quilmes, Pdo. Quilmes);1
3363;8512;Villa Elena (Villalonga, Pdo. Patagones);1
3364;1894;Villa Elisa;1
3365;1894;Villa Elisa Estafeta Nº1;1
3366;1894;Villa Elisa Estafeta Nº2;1
3367;1828;Villa Elvira (Banfield, Pdo.Lomas De Zamora);1
3368;1900;Villa Elvira (La Plata, Pdo.La Plata);1
3369;1746;Villa Escobar;1
3370;1878;Villa Esmeralda;1
3371;1884;Villa España;1
3372;6712;Villa Espil;1
3373;2914;Villa Estacion Ramallo;1
3374;1888;Villa Estanislao S. Zeballos;1
3375;6706;Villa Flandria;1
3376;1878;Villa Florentino Ameghino;1
3377;8000;Villa Floresta;1
3378;2800;Villa Fox;1
3379;6058;Villa Francia (Cnel. Granada, Pdo.Gral.Pinto);1
3380;6706;Villa Francia (Villa Flandria, Pdo.Lujan);1
3381;1834;Villa Galicia (Pdo.Lomas De Zamora);1
3382;7000;Villa Galicia (Tandil, Pdo.Tandil);1
3383;1907;Villa Garibaldi;1
3384;7165;Villa Gesell;1
3385;7165;Villa Gesell Estafeta Nº1;1
3386;7165;Villa Gesell Estafeta Nº2;1
3387;7165;Villa Gesell Estafeta Nº3;1
3388;7165;Villa Gesell Estafeta Nº4;1
3389;7165;Villa Gesell Estafeta Nº5;1
3390;7165;Villa Gesell Estafeta Nº6;1
3391;1886;Villa Giambruno;1
3392;1713;Villa Gobernador Udaondo;1
3393;1713;Villa Gobernador Udaondo Estafeta Nº1;1
3394;1713;Villa Gobernador Udaondo Estafeta Nº2;1
3395;1713;Villa Gobernador Udaondo Estafeta Nº3;1
3396;1804;Villa Golf;1
3397;1875;Villa Gonnet;1
3398;1648;Villa Gradalli;1
3399;8101;Villa Gral. Arias;1
3400;1653;Villa Gral. Jose Tomas Guido;1
3401;1888;Villa Gral. Manuel Caraballo;1
3402;1828;Villa Gral. San Martin (Banfield, Pdo.Lomas De Zamora);1
3403;1888;Villa Gral. San Martin (Florencio Varela, Pdo.F.Varela);1
3404;1742;Villa Gral. Zapiola;1
3405;1714;Villa Grand Bourg;1
3406;1804;Villa Guillermina;1
3407;8101;Villa Harding Green;1
3408;1836;Villa Henz;1
3409;8101;Villa Herminia;1
3410;2901;Villa Hermosa;1
3411;1655;Villa Hidalgo;1
3412;1889;Villa Hudson;1
3413;1874;Villa Hue;1
3414;1822;Villa Ilasa;1
3415;1832;Villa Independencia (Pdo. Lomas De Zamora);1
3416;1923;Villa Independencia (Villa Azul, Pdo. Berisso);1
3417;1824;Villa Industriales;1
3418;1752;Villa Insuperable;1
3419;8126;Villa Iris;1
3420;1714;Villa Irupe;1
3421;8000;Villa Italia (Bahia Blanca, Pdo. Bahia Blanca);1
3422;7000;Villa Italia (Tandil, Pdo.Tandil);1
3423;1874;Villa Ite;1
3424;1822;Villa Jardin;1
3425;1702;Villa Jose Ingenieros;1
3426;1655;Villa Jose Leon Suarez;1
3427;1655;Villa Jose Leon Suarez Estafeta Nº1;1
3428;1655;Villa Jose Leon Suarez Estafeta Nº2;1
3429;1655;Villa Jose Leon Suarez Estafeta Nº3;1
3430;1655;Villa Jose Leon Suarez Estafeta Nº4;1
3431;1884;Villa Julia;1
3432;1625;Villa La Chechela;1
3433;1888;Villa La Delicia;1
3434;1881;Villa La Florida;1
3435;1884;Villa La Lucila;1
3436;1648;Villa La Ñata;1
3437;1834;Villa La Paz;1
3438;1834;Villa La Perla;1
3439;1878;Villa La Rosa;1
3440;1722;Villa Lago Del Bosque;1
3441;1773;Villa Lamadrid;1
3442;1655;Villa Lanzoni;1
3443;1643;Villa Larga;1
3444;1878;Villa Las Rosas;1
3445;1617;Villa Las Tunas;1
3446;8109;Villa Laura (Punta Alta, Pdo. Cnel. De Marina L. Rosales);1
3447;1847;Villa Laura (Rafael Calzada, Pdo.Alte.Brown);1
3448;2946;Villa Leandra;1
3449;1714;Villa Leon;1
3450;2761;Villa Lia;1
3451;1650;Villa Libertad;1
3452;8000;Villa Libres;1
3453;1657;Villa Loma Hermosa;1
3454;1888;Villa Lopez Romero;1
3455;8000;Villa Loreto;1
3456;1884;Villa Lucila;1
3457;1878;Villa Lujan;1
3458;1754;Villa Luzuriaga;1
3459;1672;Villa Lynch Estafeta Nº1;1
3460;1672;Villa Lynch (Pdo. Gral. San Martin);1
3461;6553;Villa Lynch (Urdampilleta, Pdo. Bolivar);1
3462;1768;Villa Madero;1
3463;1768;Villa Madero Estafeta Nº1;1
3464;1768;Villa Madero Estafeta Nº2;1
3465;1773;Villa Madrid;1
3466;1716;Villa Magdalena;1
3467;8109;Villa Maio;1
3468;1650;Villa Maipu;1
3469;1650;Villa Maipu Estafeta Nº1;1
3470;1744;Villa Malaver;1
3471;8185;Villa Margarita;1
3472;1657;Villa Maria De Los Remedios De Escalada;1
3473;6628;Villa Maria (Cnel. Segui, Pdo. Alberti);1
3474;1878;Villa Maria (Quilmes, Pdo. Quilmes);1
3475;1603;Villa Martelli;1
3476;1682;Villa Martin Coronado;1
3477;1888;Villa Martin Fierro;1
3478;1661;Villa Maside;1
3479;2800;Villa Massoni;1
3480;1678;Villa Matheu;1
3481;1885;Villa Matilde;1
3482;6000;Villa Mayor;1
3483;6343;Villa Maza;1
3484;1870;Villa Mercado;1
3485;1678;Villa Mercedes Tomasa De San Martin Y Escalada;1
3486;1884;Villa Mitre;1
3487;1870;Villa Modelo;1
3488;7318;Villa Monica (Hinojo, Pdo. Olavarria);1
3489;1888;Villa Monica (Pdo.Florencio Varela);1
3490;1678;Villa Monroe;1
3491;1744;Villa Monsegur;1
3492;6625;Villa Moquehua;1
3493;8000;Villa Nocito;1
3494;1878;Villa Nueva (Pdo.Quilmes);1
3495;1858;Villa Numancia;1
3496;1874;Villa Nuñez;1
3497;8000;Villa Obrera;1
3498;8000;Villa Olga;1
3499;1884;Villa Olivero;1
3500;6000;Villa Ortega;1
3501;6628;Villa Ortiz;1
3502;2701;Villa Otero;1
3503;1856;Villa Paris;1
3504;1838;Villa Parish Robertson;1
3505;1678;Villa Parque;1
3506;6000;Villa Penotti;1
3507;1870;Villa Pobladora;1
3508;1826;Villa Pompeo;1
3509;1900;Villa Ponzatti;1
3510;1923;Villa Porteña;1
3511;1870;Villa Porvenir;1
3512;6703;Villa Preceptor Manuel Cruz;1
3513;2700;Villa Progreso (Pergamino, Pdo.Pergamino);1
3514;2705;Villa Progreso (Rojas, Pdo.Rojas);1
3515;1674;Villa Raffo;1
3516;2914;Villa Ramallo;1
3517;1834;Villa Ratti;1
3518;1885;Villa Real;1
3519;1752;Villa Rebasa;1
3520;1828;Villa Recreo;1
3521;1773;Villa Riachuelo;1
3522;8146;Villa Rio Chico;1
3523;1676;Villa Risso;1
3524;1832;Villa Rita;1
3525;1900;Villa Rivera;1
3526;1631;Villa Rosa;1
3527;8103;Villa Rosas;1
3528;6705;Villa Ruiz;1
3529;6101;Villa Saboya;1
3530;1674;Villa Saenz Peña;1
3531;1674;Villa Saenz Peña Estafeta Nº1;1
3532;1674;Villa Saenz Peña Estafeta Nº2;1
3533;1765;Villa San Alberto (Isidro Casanova, Pdo.La Matanza);1
3534;6720;Villa San Alberto (Pdo. San Andres De Giles);1
3535;1651;Villa San Andres;1
3536;1651;Villa San Andres Estafeta Nº1;1
3537;8185;Villa San Antonio;1
3538;1923;Villa San Carlos (Berisso, Pdo.Berisso);1
3539;1888;Villa San Carlos (Villa Gral. M. Caraballo, Pdo.F.Varela);1
3540;6476;Villa San Esteban;1
3541;1884;Villa San Francisco;1
3542;2743;Villa San Jose;1
3543;1888;Villa San Luis;1
3544;7203;Villa San Pedro;1
3545;1888;Villa San Roque;1
3546;8000;Villa Sanchez Elia;1
3547;2740;Villa Sanguinetti;1
3548;1761;Villa Santa Julia;1
3549;1629;Villa Santa Maria;1
3550;1888;Villa Santa Rosa;1
3551;1759;Villa Santina;1
3552;1676;Villa Santos Lugares;1
3553;6511;Villa Sanz;1
3554;2930;Villa Sarita;1
3555;1834;Villa Sastre;1
3556;6235;Villa Sauze;1
3557;1759;Villa Scasso;1
3558;6403;Villa Sena;1
3559;8103;Villa Sierra;1
3560;1884;Villa Sol;1
3561;8000;Villa Soldati;1
3562;1888;Villa Susana;1
3563;6000;Villa Talleres;1
3564;1676;Villa Talleres Alianza;1
3565;2944;Villa Teresa;1
3566;1776;Villa Transradio;1
3567;6000;Villa Triangulo;1
3568;1834;Villa Turdera;1
3569;1757;Villa Union;1
3570;1773;Villa Urbana;1
3571;1625;Villa Vallier;1
3572;1888;Villa Vatteone;1
3573;1629;Villa Verde;1
3574;7600;Villa Vignolo;1
3575;6000;Villa York;1
3576;1651;Villa Zagala;1
3577;6740;Villafañe;1
3578;2930;Villaigrillo;1
3579;8512;Villalonga;1
3580;7225;Villanueva (Pdo. Gral. Paz);1
3581;1731;Villars;1
3582;2754;Viña;1
3583;1763;Virrey Del Pino;1
3584;1646;Virreyes;1
3585;7130;Vista Alegre;1
3586;7130;Vitel;1
3587;6064;Volta;1
3588;7412;Voluntad;1
3589;2931;Vuelta De Obligado;1
3590;6435;Vuelta De Zapata;1
3591;6646;Warnes;1
3592;1875;Wilde;1
3593;1875;Wilde Estafeta N71;1
3594;1875;Wilde Este;1
3595;1686;William C. Morris (Parada Fcgsm);1
3596;1613;Yapeyu;1
3597;7303;Yerbas;1
3598;7605;Yraizos;1
3599;6443;Yutuyaco;1
3600;1727;Zamudio (Apeadero Fcdfs);1
3601;1649;Zanja Gualtieri;1
3602;1649;Zanja Tamagni;1
3603;7249;Zapiola;1
3604;2800;Zarate;1
3605;2800;Zarate Estafeta Nº1;1
3606;2800;Zarate Estafeta Nº2;1
3607;2800;Zarate Estafeta Nº3;1
3608;2800;Zarate Estafeta Nº4;1
3609;6018;Zavalia;1
3610;1627;Zelaya;1
3611;7226;Zenon Videla Dorna;1
3612;7545;Zentena;1
3613;7530;Zoilo Peralta;1
3614;8151;Zubiaure;1